{"v_0_1_0_2": -64.4256836995387, "v_0_1_1_3": 60.71562036983663, "v_0_2_0_2": -4.0532851497236955, "v_0_2_1_3": 92.9616599222772, "v_1_1_0_2": -40.45370039585971, "v_1_1_1_3": -15.550416822777677, "v_1_2_0_2": 69.88891212967694, "v_1_2_1_3": -89.42176802211907}