{"v_0_1_0_2": -47.919662444077325, "v_0_1_1_3": -27.161313197980657, "v_0_2_0_2": -10.804951200368329, "v_0_2_1_3": 56.95810062741876, "v_1_1_0_2": -76.80824470262533, "v_1_1_1_3": -94.09668333773897, "v_1_2_0_2": -18.4565965958104, "v_1_2_1_3": 83.57712133942164}