{"v_0_1_0_2": 98.10812190474216, "v_0_1_1_3": -72.66976208882834, "v_0_2_0_2": -8.112798767466458, "v_0_2_1_3": -77.68197732185524, "v_1_1_0_2": 94.42427997384881, "v_1_1_1_3": 47.0484367031354, "v_1_2_0_2": 10.72135834048435, "v_1_2_1_3": -47.997048877767256}