{"v_0_1_0_2": 2.0266281169941713, "v_0_1_1_3": -46.91865320548542, "v_0_2_0_2": 29.64655933911839, "v_0_2_1_3": -25.13788282144114, "v_1_1_0_2": -15.44831655171275, "v_1_1_1_3": 6.81629500062682, "v_1_2_0_2": 14.77232899842667, "v_1_2_1_3": -31.828719523007436}