{"v_0_1_0_2": 14.600527561575047, "v_0_1_1_3": -20.81287925670116, "v_0_2_0_2": 35.03795768091717, "v_0_2_1_3": -35.622167913634904, "v_1_1_0_2": -9.942935502118555, "v_1_1_1_3": -30.33733127641586, "v_1_2_0_2": -29.19221907317693, "v_1_2_1_3": -35.51257075732591}