{"v_0_1_0_2": -1.512992075839219, "v_0_1_1_3": 3.8984885658643433, "v_0_2_0_2": -1.6152762525689033, "v_0_2_1_3": 0.726144070840256, "v_1_1_0_2": 1.7838884376646753, "v_1_1_1_3": 4.5305310500072355, "v_1_2_0_2": -0.6641876163796203, "v_1_2_1_3": -0.3789205219126677}