{"v_0_1_0_2": 0.8574410114710066, "v_0_1_1_3": 1.1658546879947516, "v_0_2_0_2": 0.8931734238513827, "v_0_2_1_3": -0.40901994307466794, "v_1_1_0_2": 1.9598905849345387, "v_1_1_1_3": 0.8659257473787694, "v_1_2_0_2": -0.374250129806724, "v_1_2_1_3": 1.246788238401364}