{"v_0_1_0_2": -0.5613631359948908, "v_0_1_1_3": 0.4982237977351067, "v_0_2_0_2": -0.4286805781288847, "v_0_2_1_3": 0.8676629876520686, "v_1_1_0_2": 1.3944780707968805, "v_1_1_1_3": 0.222790661924752, "v_1_2_0_2": -0.2885881510931501, "v_1_2_1_3": 1.121682105565963}