{"v_0_1_0_2": -0.6592461270995715, "v_0_1_1_3": 1.256856519576926, "v_0_2_0_2": -0.6948071742385724, "v_0_2_1_3": 0.5941837939330104, "v_1_1_0_2": 0.05649617055100964, "v_1_1_1_3": 0.9778126761676987, "v_1_2_0_2": 0.3572691192200564, "v_1_2_1_3": 1.8831879469052872}