{"v_0_1_0_2": -1.873860488483217, "v_0_1_1_3": -12.520801820905062, "v_0_2_0_2": -16.783447858831188, "v_0_2_1_3": -16.273548700742335, "v_1_1_0_2": 3.0556333118255345, "v_1_1_1_3": -13.700153314882805, "v_1_2_0_2": 3.3317067345132045, "v_1_2_1_3": -7.229624663050284}