{"v_0_1_0_2": -1.5183990364713686, "v_0_1_1_3": -10.824412177917942, "v_0_2_0_2": -18.528265605941918, "v_0_2_1_3": -13.120654214220622, "v_1_1_0_2": 2.6973712268896968, "v_1_1_1_3": 6.448030115880151, "v_1_2_0_2": -14.822487331307377, "v_1_2_1_3": 8.211313196251474}