{"v_0_1_0_2": -8.007063893051987, "v_0_1_1_3": -6.8943521862119415, "v_0_2_0_2": 6.144215332474616, "v_0_2_1_3": 13.077443816269437, "v_1_1_0_2": -7.776477770876738, "v_1_1_1_3": -5.947931480095011, "v_1_2_0_2": -9.267128230586756, "v_1_2_1_3": 10.781809549994286}