{"v_0_1_0_2": -15.738938503340215, "v_0_1_1_3": -18.074713933129786, "v_0_2_0_2": 8.13744539268452, "v_0_2_1_3": -6.01262260629532, "v_1_1_0_2": -4.2406647680423255, "v_1_1_1_3": 19.766054649691554, "v_1_2_0_2": 11.931060887345232, "v_1_2_1_3": -8.394864664696723}