{"v_0_1_0_2": -4.755293991049392, "v_0_1_1_3": -2.5369990508267932, "v_0_2_0_2": 9.589015834249501, "v_0_2_1_3": 13.0606810881388, "v_1_1_0_2": -12.797744617315137, "v_1_1_1_3": 6.568885994191508, "v_1_2_0_2": -8.996866243551697, "v_1_2_1_3": -13.491035068714279}