{"v_0_1_0_2": 0.5266742769696403, "v_0_1_1_3": 1.5293127864963794, "v_0_2_0_2": 1.1410440136558226, "v_0_2_1_3": -1.4178328919482492, "v_1_1_0_2": -0.337430029462757, "v_1_1_1_3": -1.9586216203244557, "v_1_2_0_2": -1.2036395435505192, "v_1_2_1_3": -0.8731340076902747}