{"v_0_1_0_2": 0.5037363730451162, "v_0_1_1_3": 2.5317119720776553, "v_0_2_0_2": -0.39976443995833616, "v_0_2_1_3": 0.051895056459649425, "v_1_1_0_2": 0.044632006574853, "v_1_1_1_3": -0.33081226737972147, "v_1_2_0_2": 1.1037320337801553, "v_1_2_1_3": -0.8443473836032298}