{"v_0_1_0_2": 1.3208642273919922, "v_0_1_1_3": 2.766041487387531, "v_0_2_0_2": 0.8721235857579824, "v_0_2_1_3": 0.04459697856638343, "v_1_1_0_2": -0.39683055998591943, "v_1_1_1_3": -1.0940372158247411, "v_1_2_0_2": -0.5506022404221627, "v_1_2_1_3": 2.3853852287323414}