{"v_0_1_0_2": 0.5561711423739368, "v_0_1_1_3": 1.059656986571689, "v_0_2_0_2": -0.7270729918756698, "v_0_2_1_3": -0.8943388205116494, "v_1_1_0_2": 1.7381385728010597, "v_1_1_1_3": -0.7137190696514646, "v_1_2_0_2": -0.7570430248709727, "v_1_2_1_3": 0.8648891632995328}