{"v_0_1_0_2": -8.35607409734272, "v_0_1_1_3": -0.889632041708893, "v_0_2_0_2": -9.293726579921346, "v_0_2_1_3": 0.04828052911971881, "v_1_1_0_2": -0.04267505793162307, "v_1_1_1_3": 9.808912237224629, "v_1_2_0_2": -7.436581092462305, "v_1_2_1_3": 1.88554385619096}