{"v_0_1_0_2": -9.581054947901462, "v_0_1_1_3": 10.025965051475815, "v_0_2_0_2": 5.837828731173978, "v_0_2_1_3": -5.287311151044795, "v_1_1_0_2": -0.36076775707809894, "v_1_1_1_3": -9.543956077303848, "v_1_2_0_2": 6.1282433809726164, "v_1_2_1_3": -2.726755459428899}