{"v_0_1_0_2": -2.0100440660240007, "v_0_1_1_3": 3.693901201256294, "v_0_2_0_2": 1.1749763036209089, "v_0_2_1_3": -2.5365333625080164, "v_1_1_0_2": 2.0886151938232755, "v_1_1_1_3": 0.7126312613195672, "v_1_2_0_2": -2.285493998349398, "v_1_2_1_3": 2.975947523173665}