{"v_0_1_0_2": -1.861279138638061, "v_0_1_1_3": 3.8451424686115994, "v_0_2_0_2": 2.5812339679841156, "v_0_2_1_3": 2.587988990567504, "v_1_1_0_2": -1.187201180329296, "v_1_1_1_3": -0.13111572885159645, "v_1_2_0_2": 0.5799093765276903, "v_1_2_1_3": 3.7207334221679056}