{"v_0_1_0_2": -0.04255923895095286, "v_0_1_1_3": 2.7145936470655423, "v_0_2_0_2": -2.1295127400682476, "v_0_2_1_3": 1.1744695714031277, "v_1_1_0_2": 0.48934644436364294, "v_1_1_1_3": -2.123301103020601, "v_1_2_0_2": 0.4520199923960435, "v_1_2_1_3": 3.5709002572979385}