{"v_0_1_0_2": -24.361869700217163, "v_0_1_1_3": 10.880227804767976, "v_0_2_0_2": 15.822924087672465, "v_0_2_1_3": -6.900629423695182, "v_1_1_0_2": 5.619840742306245, "v_1_1_1_3": 2.1717652573437594, "v_1_2_0_2": -19.08284685659448, "v_1_2_1_3": 25.593603013621383}