{"v_0_1_0_2": -11.591731854194512, "v_0_1_1_3": -5.2514045744977835, "v_0_2_0_2": 0.8148413384906794, "v_0_2_1_3": 4.766157501465025, "v_1_1_0_2": 1.8922255974780722, "v_1_1_1_3": 10.42885062193972, "v_1_2_0_2": -14.347788855018571, "v_1_2_1_3": -8.535786278542552}