{"v_0_1_0_2": 9.538796473467187, "v_0_1_1_3": -10.07827687865024, "v_0_2_0_2": -14.68619401178775, "v_0_2_1_3": 11.736666219662991, "v_1_1_0_2": 2.537842127275079, "v_1_1_1_3": -0.9802589464336116, "v_1_2_0_2": -12.98290918423024, "v_1_2_1_3": -12.273245059937821}