{"v_0_1_0_2": 6.758717498144977, "v_0_1_1_3": -0.6937818512848573, "v_0_2_0_2": -12.093197470509919, "v_0_2_1_3": 11.973752510183791, "v_1_1_0_2": -13.518396466462445, "v_1_1_1_3": 1.690357661283481, "v_1_2_0_2": 9.821069083931532, "v_1_2_1_3": 14.74101950926257}