{"v_0_1_0_2": -1.808295411724231, "v_0_1_1_3": 2.3242524549009778, "v_0_2_0_2": 1.0300104763651547, "v_0_2_1_3": -0.3983783142381171, "v_1_1_0_2": 2.9374302154588134, "v_1_1_1_3": 1.301706986468294, "v_1_2_0_2": -1.35539271225805, "v_1_2_1_3": -0.83750935443979}