{"v_0_1_0_2": -35.715774665067244, "v_0_1_1_3": 0.7773897911186758, "v_0_2_0_2": -13.926046798755873, "v_0_2_1_3": -2.7805547072297543, "v_1_1_0_2": -10.588014932205857, "v_1_1_1_3": 39.31681647239296, "v_1_2_0_2": -28.294534726742416, "v_1_2_1_3": -33.32680267458168}