{"v_0_1_0_2": 40.300662798924876, "v_0_1_1_3": -9.710136197975375, "v_0_2_0_2": -1.6744645595438623, "v_0_2_1_3": -29.800496216168703, "v_1_1_0_2": 2.5287688116109344, "v_1_1_1_3": -14.001804381022676, "v_1_2_0_2": -21.543565512151055, "v_1_2_1_3": -25.099882537326327}