{"v_0_1_0_2": -4.529539438953027, "v_0_1_1_3": 6.629473149707406, "v_0_2_0_2": 4.608102163105065, "v_0_2_1_3": 5.844280025345582, "v_1_1_0_2": 0.08125498023252586, "v_1_1_1_3": -5.719643664601742, "v_1_2_0_2": 5.167126144549926, "v_1_2_1_3": -5.610463917011223}