{"v_0_1_0_2": 4.71065839656297, "v_0_1_1_3": -5.273037380381583, "v_0_2_0_2": 4.973226163537894, "v_0_2_1_3": -0.9860760032616187, "v_1_1_0_2": 1.3322416161440445, "v_1_1_1_3": 0.00772882652043183, "v_1_2_0_2": -3.1486803554116225, "v_1_2_1_3": -5.247571201734235}