{"v_0_1_0_2": -9.066499106733858, "v_0_1_1_3": 1.124318750128186, "v_0_2_0_2": -9.833072901585735, "v_0_2_1_3": -4.26858900304299, "v_1_1_0_2": -3.5046932616655937, "v_1_1_1_3": 9.729935522405583, "v_1_2_0_2": -1.8030887079948936, "v_1_2_1_3": -1.698355029181279}