{"v_0_1_0_2": -1.4902120980278077, "v_0_1_1_3": 10.487219386277616, "v_0_2_0_2": -2.085125321908203, "v_0_2_1_3": -5.755634860331245, "v_1_1_0_2": 2.192590248382322, "v_1_1_1_3": 3.4815457737705398, "v_1_2_0_2": 3.120870004610163, "v_1_2_1_3": -1.1970130207801581}