{"v_0_1_0_2": 6.508921712934818, "v_0_1_1_3": -0.6317534907141891, "v_0_2_0_2": -6.739650131683379, "v_0_2_1_3": -9.146090244972056, "v_1_1_0_2": -5.135541825876998, "v_1_1_1_3": 2.7678890843804016, "v_1_2_0_2": -6.319367991139466, "v_1_2_1_3": 3.009822800553147}