{"v_0_1_0_2": 1.106924278247613, "v_0_1_1_3": 2.806982254261761, "v_0_2_0_2": -2.1097941456422316, "v_0_2_1_3": 1.9450988362884027, "v_1_1_0_2": 2.663620302569421, "v_1_1_1_3": -0.8061055371608582, "v_1_2_0_2": -0.15575407832135646, "v_1_2_1_3": 0.788145642014958}