{"v_0_1_0_2": 2.5145998065158097, "v_0_1_1_3": 0.08973192720449852, "v_0_2_0_2": 2.876670882874495, "v_0_2_1_3": -1.5676780806615342, "v_1_1_0_2": 3.5320483325966934, "v_1_1_1_3": 1.9634011884108218, "v_1_2_0_2": 0.19469171919928155, "v_1_2_1_3": 3.6923603463102657}