{"v_0_1_0_2": 1.549018936865925, "v_0_1_1_3": -1.8462058275046607, "v_0_2_0_2": 2.5390408573659133, "v_0_2_1_3": -1.2605124777038645, "v_1_1_0_2": -1.2108554244889365, "v_1_1_1_3": -2.110425700203177, "v_1_2_0_2": 2.5620993224540114, "v_1_2_1_3": 3.286184499290575}