{"v_0_1_0_2": -15.69303427858868, "v_0_1_1_3": 9.463419676825046, "v_0_2_0_2": -21.2043853704221, "v_0_2_1_3": 3.3969641742005052, "v_1_1_0_2": 13.351806806411556, "v_1_1_1_3": -4.467116167848957, "v_1_2_0_2": 24.950748957683942, "v_1_2_1_3": -33.23178482503425}