{"v_0_1_0_2": 0.6262798826332429, "v_0_1_1_3": 0.4988260739683157, "v_0_2_0_2": 0.9931121057138711, "v_0_2_1_3": -0.21406668073353183, "v_1_1_0_2": 0.17705540466748082, "v_1_1_1_3": -0.7681276164619621, "v_1_2_0_2": -0.3940683623732997, "v_1_2_1_3": 1.3830093911334185}