{"v_0_1_0_2": -0.9603534687077033, "v_0_1_1_3": 1.4968477606932868, "v_0_2_0_2": 0.6524945817646121, "v_0_2_1_3": -0.4471501086818004, "v_1_1_0_2": 0.09258740647925467, "v_1_1_1_3": -0.596557654360502, "v_1_2_0_2": -0.7115741258539237, "v_1_2_1_3": 0.4191138891426994}