{"v_0_1_0_2": 92.05690058969054, "v_0_1_1_3": 17.885933446879093, "v_0_2_0_2": 23.67815069442587, "v_0_2_1_3": 53.507446052770206, "v_1_1_0_2": -33.621528417484356, "v_1_1_1_3": -41.22016996044984, "v_1_2_0_2": -31.572307858109365, "v_1_2_1_3": 65.02856537168049}