{"v_0_1_0_2": -31.86413758526019, "v_0_1_1_3": -61.104318453494955, "v_0_2_0_2": 28.10745235357249, "v_0_2_1_3": 62.09367359998911, "v_1_1_0_2": -25.54108019912524, "v_1_1_1_3": -63.94169270371977, "v_1_2_0_2": -63.373214253772474, "v_1_2_1_3": -36.788453653851576}