{"v_0_1_0_2": 30.65999989879664, "v_0_1_1_3": 1.8197842305165537, "v_0_2_0_2": -49.48550683311366, "v_0_2_1_3": -49.11101222835779, "v_1_1_0_2": -42.13398461379896, "v_1_1_1_3": -0.3098615886690581, "v_1_2_0_2": -97.5901140390053, "v_1_2_1_3": -80.4779363979133}