{"v_0_1_0_2": -4.020919917053014, "v_0_1_1_3": 82.80680831401656, "v_0_2_0_2": -13.920171855434678, "v_0_2_1_3": 58.80316612708732, "v_1_1_0_2": -42.04571360684597, "v_1_1_1_3": 82.11332269975578, "v_1_2_0_2": 35.635716159555656, "v_1_2_1_3": 54.10379550802672}