{"v_0_1_0_2": -18.004087482515793, "v_0_1_1_3": -28.813108678583053, "v_0_2_0_2": -60.34482337967006, "v_0_2_1_3": -34.16458528081153, "v_1_1_0_2": -48.29585331219765, "v_1_1_1_3": 46.79346640119353, "v_1_2_0_2": 0.521975143876916, "v_1_2_1_3": -57.438344126798505}