{"v_0_1_0_2": -28.727847933903007, "v_0_1_1_3": 6.122480332614785, "v_0_2_0_2": -26.314640426471968, "v_0_2_1_3": 2.2859310257449605, "v_1_1_0_2": 9.630033861272208, "v_1_1_1_3": -44.29683617776702, "v_1_2_0_2": 56.892518683963296, "v_1_2_1_3": 45.42259619071946}