{"v_0_1_0_2": 30.857468569865752, "v_0_1_1_3": -44.90826339382593, "v_0_2_0_2": 55.112544258376694, "v_0_2_1_3": -63.9228382073137, "v_1_1_0_2": -28.464723856411112, "v_1_1_1_3": -40.84800303881705, "v_1_2_0_2": 0.1735976329856337, "v_1_2_1_3": 72.79401274664008}