{"v_0_1_0_2": -3.582591461092857, "v_0_1_1_3": 9.010708764379384, "v_0_2_0_2": -24.516618345920037, "v_0_2_1_3": 29.02415732529287, "v_1_1_0_2": 28.14149174662745, "v_1_1_1_3": 8.248875310422253, "v_1_2_0_2": -6.628416751315825, "v_1_2_1_3": 26.127841594329386}