{"v_0_1_0_2": -5.822089496629496, "v_0_1_1_3": 1.3339595946509966, "v_0_2_0_2": -4.026131462222493, "v_0_2_1_3": 0.2998564658997953, "v_1_1_0_2": -5.69177369007115, "v_1_1_1_3": -6.695953589606089, "v_1_2_0_2": -0.6632269899679115, "v_1_2_1_3": -4.176681341578995}