{"v_0_1_0_2": 81.21326087932556, "v_0_1_1_3": 30.155116667601515, "v_0_2_0_2": 35.531284225086814, "v_0_2_1_3": 87.95207475539748, "v_1_1_0_2": 18.96013696088627, "v_1_1_1_3": 75.76027818783797, "v_1_2_0_2": -69.10432272235425, "v_1_2_1_3": 60.47047215810411}