{"v_0_1_0_2": -13.897136495570098, "v_0_1_1_3": -8.741000101676796, "v_0_2_0_2": 9.163592648457275, "v_0_2_1_3": 10.205194288311567, "v_1_1_0_2": 5.967288961259811, "v_1_1_1_3": 0.7610496542743661, "v_1_2_0_2": -15.335752935010557, "v_1_2_1_3": 16.517910097545744}