{"v_0_1_0_2": 6.307922906096566, "v_0_1_1_3": 2.8969124478233272, "v_0_2_0_2": 0.0634366693447113, "v_0_2_1_3": -5.44044342616455, "v_1_1_0_2": 7.588755172225611, "v_1_1_1_3": -2.755106627044234, "v_1_2_0_2": -3.591201132739866, "v_1_2_1_3": 6.365259508348553}