{"v_0_1_0_2": 1.0995409262734477, "v_0_1_1_3": 5.293431936427418, "v_0_2_0_2": -3.239873915619733, "v_0_2_1_3": 6.182004047161157, "v_1_1_0_2": 6.509585678178439, "v_1_1_1_3": 5.724603100708586, "v_1_2_0_2": -0.1275760959445007, "v_1_2_1_3": 7.0591255989732975}