{"v_0_1_0_2": 6.1190664381799245, "v_0_1_1_3": 2.387021637832267, "v_0_2_0_2": -1.2341284733058258, "v_0_2_1_3": 4.900692307553691, "v_1_1_0_2": -2.0542626720797963, "v_1_1_1_3": -5.513447548684108, "v_1_2_0_2": 4.972184863009041, "v_1_2_1_3": 5.143076253781952}