{"v_0_1_0_2": 0.05299204869198029, "v_0_1_1_3": 1.6756938351812205, "v_0_2_0_2": 0.1335237539114111, "v_0_2_1_3": 1.287174952148689, "v_1_1_0_2": -0.5438877221342544, "v_1_1_1_3": -0.1885303897865246, "v_1_2_0_2": -0.7637148069765205, "v_1_2_1_3": 0.6761414525922333}