{"v_0_1_0_2": -1.315143422036943, "v_0_1_1_3": 0.4211440869822297, "v_0_2_0_2": 1.9705369721295876, "v_0_2_1_3": 0.41378170156335803, "v_1_1_0_2": 1.146946114349884, "v_1_1_1_3": 0.42937377947170285, "v_1_2_0_2": -1.653989901083157, "v_1_2_1_3": 1.704822898016299}