{"v_0_1_0_2": -0.3770986138730649, "v_0_1_1_3": -0.46783684967498806, "v_0_2_0_2": -1.920111351114084, "v_0_2_1_3": -1.9236746185416536, "v_1_1_0_2": -0.22868505626733415, "v_1_1_1_3": 1.3012938195130546, "v_1_2_0_2": 1.7722238897020284, "v_1_2_1_3": 1.0899132587587694}