{"v_0_1_0_2": 1.7937497053047897, "v_0_1_1_3": 4.677177747755577, "v_0_2_0_2": -4.376746960839705, "v_0_2_1_3": -13.657125269661826, "v_1_1_0_2": -3.3415131805211153, "v_1_1_1_3": 4.118687555621436, "v_1_2_0_2": -6.855524122296564, "v_1_2_1_3": 3.1673634291218473}