{"v_0_1_0_2": 13.20903709898322, "v_0_1_1_3": 5.525625245627452, "v_0_2_0_2": 12.536203130167934, "v_0_2_1_3": -7.705022586867025, "v_1_1_0_2": -6.756669407574847, "v_1_1_1_3": -13.903771021653611, "v_1_2_0_2": 11.350112087709007, "v_1_2_1_3": -10.035366607045944}