{"v_0_1_0_2": -8.871776774498365, "v_0_1_1_3": 12.662487551272642, "v_0_2_0_2": 0.5176959248981863, "v_0_2_1_3": -12.333840345872634, "v_1_1_0_2": 13.550434788744097, "v_1_1_1_3": 3.474169133898754, "v_1_2_0_2": -0.2083289239315036, "v_1_2_1_3": 1.8543061373686065}