{"v_0_1_0_2": -14.09322282099867, "v_0_1_1_3": -19.89005651713538, "v_0_2_0_2": -24.442442754173715, "v_0_2_1_3": 15.977045371041244, "v_1_1_0_2": 25.749827327321125, "v_1_1_1_3": -16.730876187734523, "v_1_2_0_2": 5.853580174258674, "v_1_2_1_3": 14.949751351202167}