{"v_0_1_0_2": -22.47185472727913, "v_0_1_1_3": -1.666202156716654, "v_0_2_0_2": 10.968311344520231, "v_0_2_1_3": -28.086398275993126, "v_1_1_0_2": 19.693938210590268, "v_1_1_1_3": -12.682011634467006, "v_1_2_0_2": 28.4604036435825, "v_1_2_1_3": -6.341091589031924}