{"v_0_1_0_2": 15.279144315454941, "v_0_1_1_3": -20.675798768798067, "v_0_2_0_2": 2.354200295049095, "v_0_2_1_3": -2.8035103269982375, "v_1_1_0_2": 22.281523766092313, "v_1_1_1_3": 18.60001438097079, "v_1_2_0_2": -19.4769154075068, "v_1_2_1_3": 0.6396326960171201}