{"v_0_1_0_2": -0.5256026296448866, "v_0_1_1_3": 1.728647874556211, "v_0_2_0_2": -18.85065205307503, "v_0_2_1_3": 23.052819335113327, "v_1_1_0_2": -28.08772420390647, "v_1_1_1_3": -13.329205154078982, "v_1_2_0_2": 1.1126055389114828, "v_1_2_1_3": 22.135403719296015}