{"v_0_1_0_2": -5.730982301585641, "v_0_1_1_3": 5.493770064571642, "v_0_2_0_2": 0.19829610749694027, "v_0_2_1_3": -5.756433543773122, "v_1_1_0_2": -13.541399073053082, "v_1_1_1_3": -24.625529814589157, "v_1_2_0_2": -26.456491381156763, "v_1_2_1_3": 21.547265192470118}