{"v_0_1_0_2": -39.3697380577597, "v_0_1_1_3": -2.887822930299407, "v_0_2_0_2": 23.613670979753785, "v_0_2_1_3": -33.74083504370364, "v_1_1_0_2": -6.0711176989541435, "v_1_1_1_3": -4.240253590932568, "v_1_2_0_2": -34.91380289061288, "v_1_2_1_3": 6.413217929151939}