{"v_0_1_0_2": 25.942158319403106, "v_0_1_1_3": 0.9345816549420185, "v_0_2_0_2": 34.708209059482456, "v_0_2_1_3": 32.49226116688941, "v_1_1_0_2": -36.65941741022699, "v_1_1_1_3": 25.800562439237336, "v_1_2_0_2": -18.45025892200085, "v_1_2_1_3": 0.47925846010171824}