{"v_0_1_0_2": -45.930064432653154, "v_0_1_1_3": -24.72814975478932, "v_0_2_0_2": -19.108906050127352, "v_0_2_1_3": 47.692798759835796, "v_1_1_0_2": -36.38654590302979, "v_1_1_1_3": -49.699124592877375, "v_1_2_0_2": -15.544884963564186, "v_1_2_1_3": -26.168332796723504}