{"v_0_1_0_2": 21.605711584572155, "v_0_1_1_3": -30.35633523384845, "v_0_2_0_2": -43.653435565028445, "v_0_2_1_3": 15.065765687368051, "v_1_1_0_2": -33.87172927016812, "v_1_1_1_3": -15.60393856640454, "v_1_2_0_2": 38.64502011240557, "v_1_2_1_3": -40.40344941775358}