{"v_0_1_0_2": -42.894522301100544, "v_0_1_1_3": 22.059709339596306, "v_0_2_0_2": 28.125887656641424, "v_0_2_1_3": -45.35980975530711, "v_1_1_0_2": 36.669191025537366, "v_1_1_1_3": -23.976154628050917, "v_1_2_0_2": 36.26627979737633, "v_1_2_1_3": 40.03102232137471}