{"v_0_1_0_2": 0.019307465696146053, "v_0_1_1_3": 0.512600017778901, "v_0_2_0_2": -0.8835104117008417, "v_0_2_1_3": -0.5830000995524114, "v_1_1_0_2": 0.5800890415240723, "v_1_1_1_3": -0.757834471732683, "v_1_2_0_2": -0.9558860086216576, "v_1_2_1_3": 1.6952863710048702}