{"v_0_1_0_2": 0.5353966213680014, "v_0_1_1_3": 1.5844918690380725, "v_0_2_0_2": 0.5547200819259811, "v_0_2_1_3": 0.6368430039559414, "v_1_1_0_2": 1.1682013001682459, "v_1_1_1_3": -0.5983604312956058, "v_1_2_0_2": -0.2642983060109949, "v_1_2_1_3": 0.7821491620914705}