{"v_0_1_0_2": 0.8786803802563767, "v_0_1_1_3": 1.7866979335876132, "v_0_2_0_2": 0.5818827909899573, "v_0_2_1_3": -0.851076883877629, "v_1_1_0_2": 0.1606409773122568, "v_1_1_1_3": -0.24409806630714465, "v_1_2_0_2": 0.6613671785626061, "v_1_2_1_3": 0.4604751668308491}