checkpoint_name,n_total_inits,population,measure,pearson_r,pearson_p,spearman_rho,spearman_p
trained_model_checkpoint_0.pkl,21,Kids_II,RT,-0.096644515954799,0.3489078166560933,-0.1055178687168988,0.3062244531124966
trained_model_checkpoint_0.pkl,21,Kids_II,zRT,-0.0964540747439687,0.349862832259344,-0.1166250127923619,0.2578090060001628
trained_model_checkpoint_0.pkl,21,Kids_II,ER,-0.1861986314760338,0.0693108994329107,-0.1678989143835203,0.1020182125429388
trained_model_checkpoint_0.pkl,21,Adults,RT,-0.145514967914817,0.1571814669846791,-0.149946445018751,0.1447904794775462
trained_model_checkpoint_0.pkl,21,Adults,zRT,-0.1131994233004929,0.2721484157458869,-0.1092202500753865,0.2894676932605646
trained_model_checkpoint_0.pkl,21,Adults,ER,0.0717495712402317,0.4872517899894939,0.0849933953692785,0.4103122272033954
trained_model_checkpoint_10.pkl,21,Kids_II,RT,-0.0622239492939839,0.546997487611477,-0.0599673731461461,0.5616558016497268
trained_model_checkpoint_10.pkl,21,Kids_II,zRT,-0.058329174058119,0.5724129765414774,-0.0406230592280345,0.6943405737660728
trained_model_checkpoint_10.pkl,21,Kids_II,ER,0.0483958937820068,0.6396101283724408,0.0027521358986959,0.9787690997076516
trained_model_checkpoint_10.pkl,21,Adults,RT,-0.1068222712506205,0.3002500666099241,-0.1257380404677258,0.2222037088513532
trained_model_checkpoint_10.pkl,21,Adults,zRT,-0.0675514923873367,0.5131477593099909,-0.0844701707757542,0.4132101800749168
trained_model_checkpoint_10.pkl,21,Adults,ER,0.0510705169230544,0.6211969487925075,0.1682434498311114,0.1013067775969724
trained_model_checkpoint_20.pkl,21,Kids_II,RT,0.4628116333243732,2.057538773428228e-06,0.5957364258465498,1.526527671146139e-10
trained_model_checkpoint_20.pkl,21,Kids_II,zRT,0.4438011361774842,5.927319011887154e-06,0.5878062402016312,3.0482116720647994e-10
trained_model_checkpoint_20.pkl,21,Kids_II,ER,0.1714384223908582,0.0948932156586651,0.1679916740499403,0.1018262883333236
trained_model_checkpoint_20.pkl,21,Adults,RT,0.3956964856814986,6.596880527170257e-05,0.5079680772390365,1.271537207752418e-07
trained_model_checkpoint_20.pkl,21,Adults,zRT,0.4153999304990524,2.569912005922952e-05,0.5336392823474749,2.163631510696111e-08
trained_model_checkpoint_20.pkl,21,Adults,ER,0.1712244496182459,0.0953124898358292,0.2638862139343015,0.0093796134861591
trained_model_checkpoint_30.pkl,21,Kids_II,RT,0.7811248350616554,6.1734152085929535e-21,0.8131182457233692,8.155504685056163e-24
trained_model_checkpoint_30.pkl,21,Kids_II,zRT,0.7778530190391899,1.1418859925670562e-20,0.8114726197645584,1.1822869092637005e-23
trained_model_checkpoint_30.pkl,21,Kids_II,ER,0.1384440389592149,0.1785646548014436,0.0948426405289181,0.3580089916754138
trained_model_checkpoint_30.pkl,21,Adults,RT,0.7072837203993917,7.972390712393714e-16,0.7291500090384414,3.663489957010688e-17
trained_model_checkpoint_30.pkl,21,Adults,zRT,0.7133891574213297,3.472299951914177e-16,0.7355948035884285,1.3950397753527526e-17
trained_model_checkpoint_30.pkl,21,Adults,ER,0.1852693413449094,0.0707370589698932,0.2473648924179039,0.0151066937497265
trained_model_checkpoint_40.pkl,21,Kids_II,RT,0.7563859174291943,5.061813713039197e-19,0.7957411776136717,3.4579666341274463e-22
trained_model_checkpoint_40.pkl,21,Kids_II,zRT,0.7589181854997546,3.3039227654145306e-19,0.79240724932388,6.809704048080678e-22
trained_model_checkpoint_40.pkl,21,Kids_II,ER,0.1530146993272262,0.1366527202903524,0.1218744069091893,0.2368513765382212
trained_model_checkpoint_40.pkl,21,Adults,RT,0.6741814783727973,5.1138945375079705e-14,0.7154169259871014,2.6220956057650034e-16
trained_model_checkpoint_40.pkl,21,Adults,zRT,0.6821004566876803,1.9860186532158632e-14,0.7252671686614857,6.468167984241284e-17
trained_model_checkpoint_40.pkl,21,Adults,ER,0.1770917236321519,0.0843332234034121,0.1848156783718175,0.0714418361056447
trained_model_checkpoint_50.pkl,21,Kids_II,RT,0.7320496586582779,2.3808618929707738e-17,0.7716751913949618,3.546610352310926e-20
trained_model_checkpoint_50.pkl,21,Kids_II,zRT,0.7358990416448714,1.3319593075443036e-17,0.7702389476842981,4.592368028705504e-20
trained_model_checkpoint_50.pkl,21,Kids_II,ER,0.1345244520612045,0.1912984319938129,0.0905396259684224,0.3803310043562359
trained_model_checkpoint_50.pkl,21,Adults,RT,0.6455405797150874,1.2425309158473025e-12,0.687314771337037,1.0481230648292683e-14
trained_model_checkpoint_50.pkl,21,Adults,zRT,0.6534107551107402,5.350098799733723e-13,0.6936507364147012,4.7341464112907954e-15
trained_model_checkpoint_50.pkl,21,Adults,ER,0.1582141212364285,0.123661978338466,0.1623347703333936,0.1140576523522333
trained_model_checkpoint_60.pkl,21,Kids_II,RT,0.7326038162544164,2.191236384335015e-17,0.7686836383479352,6.062481531483519e-20
trained_model_checkpoint_60.pkl,21,Kids_II,zRT,0.7390024833745197,8.277723676509691e-18,0.764702097635608,1.222297835174136e-19
trained_model_checkpoint_60.pkl,21,Kids_II,ER,0.1662141918703565,0.1055535123226089,0.0848263536169592,0.4112361175312498
trained_model_checkpoint_60.pkl,21,Adults,RT,0.6514068708435301,6.645946132037828e-13,0.6912283051091596,6.430615217798744e-15
trained_model_checkpoint_60.pkl,21,Adults,zRT,0.6590504558774312,2.880253492734823e-13,0.6968585594154226,3.141101827523694e-15
trained_model_checkpoint_60.pkl,21,Adults,ER,0.178369665467552,0.082080909906687,0.1846960215337601,0.0716286666939912
trained_model_checkpoint_70.pkl,21,Kids_II,RT,0.7234669122669852,8.391254476211086e-17,0.7604226792884139,2.557822668134154e-19
trained_model_checkpoint_70.pkl,21,Kids_II,zRT,0.7278592652850933,4.430323077979404e-17,0.7553702867508177,5.997675818782678e-19
trained_model_checkpoint_70.pkl,21,Kids_II,ER,0.1347647048640773,0.1904994847239293,0.0885149337175342,0.3911189377651446
trained_model_checkpoint_70.pkl,21,Adults,RT,0.6419781071349016,1.8050260094760169e-12,0.6793861315913532,2.7556239808895123e-14
trained_model_checkpoint_70.pkl,21,Adults,zRT,0.6498955947929015,7.818655468704897e-13,0.6850469990083081,1.3862428491885846e-14
trained_model_checkpoint_70.pkl,21,Adults,ER,0.1558880074095607,0.129351374662643,0.1711157783700329,0.0955259866141235
trained_model_checkpoint_80.pkl,21,Kids_II,RT,0.7155424066176134,2.576714053429867e-16,0.7403201451490768,6.75016753055024e-18
trained_model_checkpoint_80.pkl,21,Kids_II,zRT,0.7212596801474113,1.1513879169697872e-16,0.734545896753768,1.6355288907941188e-17
trained_model_checkpoint_80.pkl,21,Kids_II,ER,0.1470143399948383,0.152903498384656,0.0824777415999393,0.42435416727461
trained_model_checkpoint_80.pkl,21,Adults,RT,0.6412048845150524,1.9561574155622866e-12,0.671582672239714,6.931233169724574e-14
trained_model_checkpoint_80.pkl,21,Adults,zRT,0.6481058807873865,9.466708044668833e-13,0.6725530193073281,6.189532960185755e-14
trained_model_checkpoint_80.pkl,21,Adults,ER,0.1637025734118644,0.1110006890509035,0.1765143575659645,0.0853668130091867
trained_model_checkpoint_90.pkl,21,Kids_II,RT,0.7182181086986581,1.771780743661152e-16,0.7357260735906156,1.3674746606487347e-17
trained_model_checkpoint_90.pkl,21,Kids_II,zRT,0.7242579453378041,7.486249378281705e-17,0.7293844321916813,3.538778886797607e-17
trained_model_checkpoint_90.pkl,21,Kids_II,ER,0.1609012152740686,0.1173311435464852,0.1054969761283624,0.3063207711900348
trained_model_checkpoint_90.pkl,21,Adults,RT,0.6439020122384481,1.4762659784270396e-12,0.6697880371053577,8.535567622706047e-14
trained_model_checkpoint_90.pkl,21,Adults,zRT,0.650118602413662,7.633834939068043e-13,0.6693985181832248,8.92843903494787e-14
trained_model_checkpoint_90.pkl,21,Adults,ER,0.1712284231747451,0.0953046904727755,0.180507391626145,0.0784208129368537
trained_model_checkpoint_100.pkl,21,Kids_II,RT,0.7194820376450886,1.4822529165977868e-16,0.7458435470269809,2.8316466620556122e-18
trained_model_checkpoint_100.pkl,21,Kids_II,zRT,0.7259493628541828,5.857467877992364e-17,0.7419185225388536,5.261669357029165e-18
trained_model_checkpoint_100.pkl,21,Kids_II,ER,0.157344889567227,0.1257650916888097,0.094112539763309,0.3617381525370591
trained_model_checkpoint_100.pkl,21,Adults,RT,0.6365230402593176,3.167744942077519e-12,0.6646146865836675,1.5431967900694453e-13
trained_model_checkpoint_100.pkl,21,Adults,zRT,0.646715369075333,1.0973827768519228e-12,0.6685260350282819,9.872880950363033e-14
trained_model_checkpoint_100.pkl,21,Adults,ER,0.1528917525325082,0.1369719798909632,0.1680566914482262,0.101691932881311
trained_model_checkpoint_110.pkl,21,Kids_II,RT,0.7272795722558731,4.823392220544176e-17,0.7627144958353954,1.7256927869114426e-19
trained_model_checkpoint_110.pkl,21,Kids_II,zRT,0.7334537883816352,1.9285415751563362e-17,0.7625779676879264,1.7668456084542717e-19
trained_model_checkpoint_110.pkl,21,Kids_II,ER,0.136654788127379,0.1842983006009226,0.0660331129461902,0.5226845780719701
trained_model_checkpoint_110.pkl,21,Adults,RT,0.6417888705260664,1.8409370276807558e-12,0.6781967461447301,3.177379211780194e-14
trained_model_checkpoint_110.pkl,21,Adults,zRT,0.6487836326316554,8.806575000042902e-13,0.6823130697909194,1.9354297760690522e-14
trained_model_checkpoint_110.pkl,21,Adults,ER,0.1693091223938659,0.0991308497806639,0.1745403471587637,0.0889769564228031
trained_model_checkpoint_120.pkl,21,Kids_II,RT,0.7230160981821099,8.953573335827114e-17,0.7504592790774041,1.3466149794505428e-18
trained_model_checkpoint_120.pkl,21,Kids_II,zRT,0.7294982731097408,3.479711751223544e-17,0.751612918144907,1.1154864312910976e-18
trained_model_checkpoint_120.pkl,21,Kids_II,ER,0.135136567358439,0.1892676477442802,0.0624262456294772,0.5456925651745177
trained_model_checkpoint_120.pkl,21,Adults,RT,0.6368938170194518,3.050008693478006e-12,0.664953462748747,1.4850288836427525e-13
trained_model_checkpoint_120.pkl,21,Adults,zRT,0.6452995241061276,1.2745243421301168e-12,0.6723463095541067,6.340802072985356e-14
trained_model_checkpoint_120.pkl,21,Adults,ER,0.1770009012164074,0.0844951482874661,0.187310248318784,0.0676355441002107
trained_model_checkpoint_130.pkl,21,Kids_II,RT,0.7235684933854171,8.269359146729907e-17,0.7677463545176229,7.159508802018899e-20
trained_model_checkpoint_130.pkl,21,Kids_II,zRT,0.7298139517703773,3.32087867523545e-17,0.7722507467374199,3.196038753792703e-20
trained_model_checkpoint_130.pkl,21,Kids_II,ER,0.120335023460397,0.2428704490213099,0.0666733287683366,0.5186525399691211
trained_model_checkpoint_130.pkl,21,Adults,RT,0.635321898133321,3.580021915310402e-12,0.6797605598242537,2.634446858255401e-14
trained_model_checkpoint_130.pkl,21,Adults,zRT,0.6435398510390026,1.533377058013059e-12,0.6908372697829362,6.754632378109527e-15
trained_model_checkpoint_130.pkl,21,Adults,ER,0.1796381086618209,0.0798930625808746,0.185925908700554,0.069727010768102
trained_model_checkpoint_140.pkl,21,Kids_II,RT,0.7527987916549599,9.18190619649246e-19,0.7763228663517522,1.5170118590798667e-20
trained_model_checkpoint_140.pkl,21,Kids_II,zRT,0.7575702146032073,4.14894603276948e-19,0.7801395492798504,7.437729778587749e-21
trained_model_checkpoint_140.pkl,21,Kids_II,ER,0.1384882910078133,0.1784245232927627,0.0748317587278656,0.4686908149216051
trained_model_checkpoint_140.pkl,21,Adults,RT,0.6638126790099468,1.689811490672041e-13,0.6911951333508054,6.457507151980451e-15
trained_model_checkpoint_140.pkl,21,Adults,zRT,0.6729742790329547,5.89198278875608e-14,0.7009382577486519,1.849681913538783e-15
trained_model_checkpoint_140.pkl,21,Adults,ER,0.1753711126851154,0.0874431434824932,0.1847613986915337,0.0715265389200053
trained_model_checkpoint_150.pkl,21,Kids_II,RT,0.7665856813290752,8.787476997607423e-20,0.7848857055523379,3.004578312914575e-21
trained_model_checkpoint_150.pkl,21,Kids_II,zRT,0.7715221981465812,3.645916198032758e-20,0.789422775132088,1.2361231892586185e-21
trained_model_checkpoint_150.pkl,21,Kids_II,ER,0.1349731185862006,0.1898083769957781,0.0609014522664091,0.5555655711084759
trained_model_checkpoint_150.pkl,21,Adults,RT,0.6745857249814685,4.876293184369599e-14,0.6981689133285268,2.6523610862030734e-15
trained_model_checkpoint_150.pkl,21,Adults,zRT,0.6862624470870048,1.1937001265597035e-14,0.7119031149178311,4.2592761198822697e-16
trained_model_checkpoint_150.pkl,21,Adults,ER,0.1755406873118093,0.0871326586063682,0.1989440136952782,0.0519941636786241
trained_model_checkpoint_160.pkl,21,Kids_II,RT,0.7629784659387664,1.6487504703686017e-19,0.7827670142534561,4.515759165043009e-21
trained_model_checkpoint_160.pkl,21,Kids_II,zRT,0.7684251084347369,6.347580068874116e-20,0.7878752381100058,1.6775850046348002e-21
trained_model_checkpoint_160.pkl,21,Kids_II,ER,0.1289447086896395,0.2105408858964263,0.0596437325727303,0.563773333506451
trained_model_checkpoint_160.pkl,21,Adults,RT,0.6714231561720787,7.061111697433155e-14,0.6991574090719879,2.333258634366948e-15
trained_model_checkpoint_160.pkl,21,Adults,zRT,0.6817457191810632,2.0732850704816868e-14,0.7124879611682245,3.9308503571140877e-16
trained_model_checkpoint_160.pkl,21,Adults,ER,0.180942759045943,0.0776916673873923,0.2007272963102697,0.049883454536565
trained_model_checkpoint_170.pkl,21,Kids_II,RT,0.7700433077059735,4.7562037234559576e-20,0.7727406989670866,2.924349321262549e-20
trained_model_checkpoint_170.pkl,21,Kids_II,zRT,0.7779148518313324,1.1288000405090163e-20,0.7757341226249524,1.6912068212100015e-20
trained_model_checkpoint_170.pkl,21,Kids_II,ER,0.1354461285617414,0.1882466055138471,0.0607240107159641,0.5567200515564739
trained_model_checkpoint_170.pkl,21,Adults,RT,0.6805251254738509,2.4028103136547923e-14,0.6870522381855273,1.0827441662402682e-14
trained_model_checkpoint_170.pkl,21,Adults,zRT,0.6889163493940221,8.589951010405538e-15,0.6986227090822557,2.5009439894531124e-15
trained_model_checkpoint_170.pkl,21,Adults,ER,0.174039045283227,0.0899127606041473,0.1693657764653814,0.0990162070174137
trained_model_checkpoint_180.pkl,21,Kids_II,RT,0.7745895355411352,2.0872113968355542e-20,0.7938042755186869,5.134073933150758e-22
trained_model_checkpoint_180.pkl,21,Kids_II,zRT,0.7850252739676187,2.924537261102653e-21,0.8011104819223372,1.130301130672688e-22
trained_model_checkpoint_180.pkl,21,Kids_II,ER,0.1401049900018228,0.1733600289731914,0.0570389994400204,0.580952041472317
trained_model_checkpoint_180.pkl,21,Adults,RT,0.6945808713711,4.205541951019825e-15,0.7226303322381843,9.463621926807788e-17
trained_model_checkpoint_180.pkl,21,Adults,zRT,0.7011380037501881,1.8019277372019665e-15,0.7309079630887618,2.823024570429568e-17
trained_model_checkpoint_180.pkl,21,Adults,ER,0.1728054813013064,0.092248716256452,0.1863513861461161,0.0690787096035342
trained_model_checkpoint_190.pkl,21,Kids_II,RT,0.7824638795127122,4.785044295352219e-21,0.7887426881206259,1.4141036176006076e-21
trained_model_checkpoint_190.pkl,21,Kids_II,zRT,0.787278430996418,1.8859737596885042e-21,0.7911673126503562,8.734076272720729e-22
trained_model_checkpoint_190.pkl,21,Kids_II,ER,0.1463011609956377,0.1549273240033739,0.0820288641541487,0.4268884620563196
trained_model_checkpoint_190.pkl,21,Adults,RT,0.6895512063466696,7.935598660279141e-15,0.7100451292319164,5.488797442822106e-16
trained_model_checkpoint_190.pkl,21,Adults,zRT,0.6995139254551751,2.2275589686668014e-15,0.7224696176413262,9.684329178711717e-17
trained_model_checkpoint_190.pkl,21,Adults,ER,0.1834796823460026,0.0735502805169138,0.2145087670698339,0.0358422565425634
trained_model_checkpoint_200.pkl,21,Kids_II,RT,0.7786044205632455,9.92392416692691e-21,0.7954612583203874,3.6621844285210155e-22
trained_model_checkpoint_200.pkl,21,Kids_II,zRT,0.7864305423623167,2.225874320464189e-21,0.8010556537980298,1.143477853566727e-22
trained_model_checkpoint_200.pkl,21,Kids_II,ER,0.1430220325333961,0.1644908525280028,0.0620561660213372,0.548080933558966
trained_model_checkpoint_200.pkl,21,Adults,RT,0.6951014690572128,3.935114274782687e-15,0.7187391009539954,1.6463443273398375e-16
trained_model_checkpoint_200.pkl,21,Adults,zRT,0.7018134265246926,1.6491349250960804e-15,0.7264339688441025,5.458019011549258e-17
trained_model_checkpoint_200.pkl,21,Adults,ER,0.1809141407016331,0.0777394294534078,0.1932423714936834,0.0592410013064546
trained_model_checkpoint_210.pkl,21,Kids_II,RT,0.7865086394107894,2.1922282755172003e-21,0.8073260612390302,2.966080984320414e-23
trained_model_checkpoint_210.pkl,21,Kids_II,zRT,0.7942632363003614,4.676885032984284e-22,0.8124405427875389,9.507316885856325e-24
trained_model_checkpoint_210.pkl,21,Kids_II,ER,0.1494200304608777,0.1462226297709349,0.0779297976754018,0.4504292712024321
trained_model_checkpoint_210.pkl,21,Adults,RT,0.7079665325000846,7.272407241564825e-16,0.7392382384227757,7.981756326510795e-18
trained_model_checkpoint_210.pkl,21,Adults,zRT,0.7128677421549079,3.7308700604062957e-16,0.7458355763665567,2.8352442237413146e-18
trained_model_checkpoint_210.pkl,21,Adults,ER,0.1919319255006876,0.0610181404348177,0.2110615142125435,0.0389989960686726
trained_model_checkpoint_220.pkl,21,Kids_II,RT,0.7814595307941334,5.793539349716212e-21,0.800570934310552,1.2666605023552122e-22
trained_model_checkpoint_220.pkl,21,Kids_II,zRT,0.7920919778030933,7.255725896454952e-22,0.8106765770428287,1.4130910106658672e-23
trained_model_checkpoint_220.pkl,21,Kids_II,ER,0.1521412649026487,0.1389330815158118,0.0987423760392145,0.3384956063462186
trained_model_checkpoint_220.pkl,21,Adults,RT,0.6993121040545732,2.2868114680628963e-15,0.7298451284674508,3.3055793137863185e-17
trained_model_checkpoint_220.pkl,21,Adults,zRT,0.7115616101840523,4.463187836344515e-16,0.7430522997618692,4.404504018155576e-18
trained_model_checkpoint_220.pkl,21,Adults,ER,0.1886611805705156,0.0656437950229579,0.2159268581141146,0.0346074041227452
trained_model_checkpoint_230.pkl,21,Kids_II,RT,0.7848696675294424,3.013911291744503e-21,0.8026136578223462,8.214450796368452e-23
trained_model_checkpoint_230.pkl,21,Kids_II,zRT,0.7940650386675425,4.86923954236081e-22,0.8091930755972289,1.965759437391469e-23
trained_model_checkpoint_230.pkl,21,Kids_II,ER,0.1444378363812263,0.1603093669400787,0.07388280278778,0.4743640636482968
trained_model_checkpoint_230.pkl,21,Adults,RT,0.6933674826869918,4.907519137026196e-15,0.7178754124532272,1.8592895448539715e-16
trained_model_checkpoint_230.pkl,21,Adults,zRT,0.7059271788832471,9.561825612998412e-16,0.7302058301562071,3.1334689190854814e-17
trained_model_checkpoint_230.pkl,21,Adults,ER,0.1749383169372696,0.0882395587188918,0.1868437964332138,0.0683345138459882
trained_model_checkpoint_240.pkl,21,Kids_II,RT,0.7849707862218027,2.955535566402412e-21,0.8141898333378014,6.39112729771839e-24
trained_model_checkpoint_240.pkl,21,Kids_II,zRT,0.7920308849025697,7.3453836008615225e-22,0.8185258406446794,2.3447594498563943e-24
trained_model_checkpoint_240.pkl,21,Kids_II,ER,0.1533993485173929,0.135657538823402,0.1032118483946872,0.3169747983090967
trained_model_checkpoint_240.pkl,21,Adults,RT,0.6987792086875756,2.4506930338539518e-15,0.7397653161352268,7.356731940978393e-18
trained_model_checkpoint_240.pkl,21,Adults,zRT,0.7095627032437126,5.860496589118429e-16,0.7512252532985868,1.188488204121247e-18
trained_model_checkpoint_240.pkl,21,Adults,ER,0.1933449935200998,0.0591036355834951,0.223041696223363,0.0289386158698569
trained_model_checkpoint_250.pkl,21,Kids_II,RT,0.7890753374998519,1.3241387509055273e-21,0.8106917117850968,1.408319127506425e-23
trained_model_checkpoint_250.pkl,21,Kids_II,zRT,0.7976936773722401,2.3116270687349857e-22,0.8154757888237656,4.7601326542425886e-24
trained_model_checkpoint_250.pkl,21,Kids_II,ER,0.1610983387158142,0.1168767615491283,0.1100308112918982,0.2858818170359713
trained_model_checkpoint_250.pkl,21,Adults,RT,0.7080970507172683,7.145561796690893e-16,0.7426095594944856,4.721739417745962e-18
trained_model_checkpoint_250.pkl,21,Adults,zRT,0.7194186159781404,1.4956176531814983e-16,0.754346678197676,7.110110887367357e-19
trained_model_checkpoint_250.pkl,21,Adults,ER,0.1869678059548985,0.0681481200917785,0.2177596741208512,0.0330645630433532
trained_model_checkpoint_260.pkl,21,Kids_II,RT,0.7862142876290419,2.3216840449716558e-21,0.8178414033397452,2.751731270182081e-24
trained_model_checkpoint_260.pkl,21,Kids_II,zRT,0.7912304011550353,8.624522100500447e-22,0.819107782579066,2.0453568339983443e-24
trained_model_checkpoint_260.pkl,21,Kids_II,ER,0.1557418408220123,0.1297154503278031,0.1064251611428636,0.3020607477660699
trained_model_checkpoint_260.pkl,21,Adults,RT,0.6930971076235145,5.078733097687159e-15,0.7359306250818387,1.3255716714426757e-17
trained_model_checkpoint_260.pkl,21,Adults,zRT,0.7061419846835741,9.291133306469397e-16,0.749299482673155,1.6255911068405923e-18
trained_model_checkpoint_260.pkl,21,Adults,ER,0.1905527623924389,0.0629351523201967,0.2385321482036204,0.0192629168040638
trained_model_checkpoint_270.pkl,21,Kids_II,RT,0.7959882948255084,3.2869213781382644e-22,0.8221082428032532,1.003363312976174e-24
trained_model_checkpoint_270.pkl,21,Kids_II,zRT,0.8015925805494248,1.0206259461946072e-22,0.8239346179817568,6.46138742166828e-25
trained_model_checkpoint_270.pkl,21,Kids_II,ER,0.1651024989239761,0.1079382271156074,0.1188915435696334,0.2486099069256952
trained_model_checkpoint_270.pkl,21,Adults,RT,0.7112492097259083,4.657984091323164e-16,0.7471447762069156,2.300086896484529e-18
trained_model_checkpoint_270.pkl,21,Adults,zRT,0.7238123928063991,7.983653780747093e-17,0.7595258214244874,2.9801121121253284e-19
trained_model_checkpoint_270.pkl,21,Adults,ER,0.196819359032707,0.0546043206607706,0.2402521433588997,0.018384099415238
trained_model_checkpoint_280.pkl,21,Kids_II,RT,0.8023120937288875,8.759568065575459e-23,0.8272329993031892,2.880727971633041e-25
trained_model_checkpoint_280.pkl,21,Kids_II,zRT,0.8076416908398409,2.767692033044756e-23,0.8295067241698285,1.6342294263648534e-25
trained_model_checkpoint_280.pkl,21,Kids_II,ER,0.1700877533645282,0.097564345572848,0.1284032361813798,0.2124790418330342
trained_model_checkpoint_280.pkl,21,Adults,RT,0.7109110417123304,4.878131569090593e-16,0.7432212552817746,4.28898084927603e-18
trained_model_checkpoint_280.pkl,21,Adults,zRT,0.7247325459019093,6.98949068969261e-17,0.7578195248459638,3.978259727997054e-19
trained_model_checkpoint_280.pkl,21,Adults,ER,0.2019829510849496,0.0484400695913916,0.2487451427353643,0.0145330608898728
trained_model_checkpoint_290.pkl,21,Kids_II,RT,0.7941523147231064,4.783606429965442e-22,0.8221873649291734,9.845171345957452e-25
trained_model_checkpoint_290.pkl,21,Kids_II,zRT,0.7985953147163881,1.9164748893299445e-22,0.8271150154681498,2.966053358275315e-25
trained_model_checkpoint_290.pkl,21,Kids_II,ER,0.1595940789202172,0.1203787750512422,0.1150088858335952,0.2645084976579401
trained_model_checkpoint_290.pkl,21,Adults,RT,0.7023316802155043,1.540481742233262e-15,0.7380487557262643,9.58751042760378e-18
trained_model_checkpoint_290.pkl,21,Adults,zRT,0.7165854869428199,2.2278153108606708e-16,0.752463157302882,9.702996094208337e-19
trained_model_checkpoint_290.pkl,21,Adults,ER,0.1913323817798664,0.0618455652847778,0.2305567256386356,0.0238254508347458
trained_model_checkpoint_300.pkl,21,Kids_II,RT,0.7983329768365142,2.024108649422071e-22,0.8060249770624711,3.940354369163503e-23
trained_model_checkpoint_300.pkl,21,Kids_II,zRT,0.8017819079473296,9.804494775275736e-23,0.807809110440583,2.667765897655506e-23
trained_model_checkpoint_300.pkl,21,Kids_II,ER,0.1729938616668011,0.0918889160723768,0.1149786669976118,0.2646348810577181
trained_model_checkpoint_300.pkl,21,Adults,RT,0.6937105269571383,4.6983155342061616e-15,0.7060861648479287,9.36075325271899e-16
trained_model_checkpoint_300.pkl,21,Adults,zRT,0.7123783865752983,3.990454127122246e-16,0.7241325714311293,7.623090798587291e-17
trained_model_checkpoint_300.pkl,21,Adults,ER,0.1906528629191803,0.062794385354593,0.2354901370301001,0.0209057898889371
trained_model_checkpoint_310.pkl,21,Kids_II,RT,0.788822647301342,1.391950773435915e-21,0.8050666594055657,4.850613458564266e-23
trained_model_checkpoint_310.pkl,21,Kids_II,zRT,0.792023148957656,7.3568131786382915e-22,0.8077985929263483,2.673938632010203e-23
trained_model_checkpoint_310.pkl,21,Kids_II,ER,0.1704583086617909,0.0968257053694015,0.123041162351724,0.232358968105678
trained_model_checkpoint_310.pkl,21,Adults,RT,0.6928289844126351,5.2542246251379524e-15,0.7096607110260421,5.78306192259502e-16
trained_model_checkpoint_310.pkl,21,Adults,zRT,0.7083537561140654,6.90230457654192e-16,0.7264484425112501,5.446504608540914e-17
trained_model_checkpoint_310.pkl,21,Adults,ER,0.2110843197274841,0.0389773729617329,0.245178949676956,0.0160553168940804
trained_model_checkpoint_320.pkl,21,Kids_II,RT,0.7876058098215202,1.7687296277080957e-21,0.8153848739139669,4.860693213911002e-24
trained_model_checkpoint_320.pkl,21,Kids_II,zRT,0.7881072606906296,1.6027687569148845e-21,0.8131405889710005,8.114285071158268e-24
trained_model_checkpoint_320.pkl,21,Kids_II,ER,0.1617684775963671,0.1153422120201984,0.1226478135499619,0.2338667984529092
trained_model_checkpoint_320.pkl,21,Adults,RT,0.6840033148686313,1.5752717315949697e-14,0.7087165345426515,6.572166954815736e-16
trained_model_checkpoint_320.pkl,21,Adults,zRT,0.7000347309442634,2.0814428110212014e-15,0.7265957772037895,5.330626230801785e-17
trained_model_checkpoint_320.pkl,21,Adults,ER,0.2221281926262637,0.0296192852046954,0.2716019903365222,0.0074328670102586
trained_model_checkpoint_330.pkl,21,Kids_II,RT,0.7924079875712913,6.808691611667218e-22,0.8126536706070855,9.060247909121677e-24
trained_model_checkpoint_330.pkl,21,Kids_II,zRT,0.7927612537045943,6.340650545291874e-22,0.8126536706070855,9.060247909121677e-24
trained_model_checkpoint_330.pkl,21,Kids_II,ER,0.1595780407959496,0.1204165435114019,0.104085543864443,0.3128734368584495
trained_model_checkpoint_330.pkl,21,Adults,RT,0.6933119333939045,4.942233055484531e-15,0.7119356299040936,4.2403391068054384e-16
trained_model_checkpoint_330.pkl,21,Adults,zRT,0.7071670174664386,8.098385474573907e-16,0.727051528908732,4.987115597654417e-17
trained_model_checkpoint_330.pkl,21,Adults,ER,0.2262296248143737,0.0266660823865078,0.2571720623457155,0.0114241222276452
trained_model_checkpoint_340.pkl,21,Kids_II,RT,0.811142804541546,1.2730783171202163e-23,0.8195788156065102,1.830589919994345e-24
trained_model_checkpoint_340.pkl,21,Kids_II,zRT,0.8119008893493997,1.0737534087729321e-23,0.816889321970988,3.434085438009975e-24
trained_model_checkpoint_340.pkl,21,Kids_II,ER,0.18196099418033,0.0760075498385859,0.1222205019371622,0.2355125364885165
trained_model_checkpoint_340.pkl,21,Adults,RT,0.7090416085142649,6.289378377393168e-16,0.7157329610958548,2.509250342519145e-16
trained_model_checkpoint_340.pkl,21,Adults,zRT,0.7231418197977895,8.79318362447042e-17,0.7286138608172513,3.964951158216356e-17
trained_model_checkpoint_340.pkl,21,Adults,ER,0.2215017750991613,0.0300938305260402,0.2515165478140954,0.0134380928274639
trained_model_checkpoint_350.pkl,21,Kids_II,RT,0.8112517376708257,1.2423651978977353e-23,0.8232143149898836,7.690744695200231e-25
trained_model_checkpoint_350.pkl,21,Kids_II,zRT,0.8106766698718458,1.4130616943774278e-23,0.8203648531286146,1.5201308136966514e-24
trained_model_checkpoint_350.pkl,21,Kids_II,ER,0.1965861491743282,0.0548972576914987,0.148516364305716,0.1487059523062219
trained_model_checkpoint_350.pkl,21,Adults,RT,0.7176524249556404,1.9184650662656644e-16,0.7291000746655287,3.690600069638469e-17
trained_model_checkpoint_350.pkl,21,Adults,zRT,0.7337863574613186,1.83430452137068e-17,0.7456091870320168,2.939298252776232e-18
trained_model_checkpoint_350.pkl,21,Adults,ER,0.2180187113757419,0.0328512533754094,0.2417124888936667,0.0176652694755318
trained_model_checkpoint_360.pkl,21,Kids_II,RT,0.7887615814144794,1.408838457227889e-21,0.8077182575296447,2.7215483656921106e-23
trained_model_checkpoint_360.pkl,21,Kids_II,zRT,0.7839138613160817,3.624064978845474e-21,0.8034738825112666,6.834639080024221e-23
trained_model_checkpoint_360.pkl,21,Kids_II,ER,0.1679632335166508,0.101885103077373,0.1375613132048526,0.1813768081422886
trained_model_checkpoint_360.pkl,21,Adults,RT,0.6891177565693193,8.376900654430403e-15,0.7102482389624423,5.339233298445296e-16
trained_model_checkpoint_360.pkl,21,Adults,zRT,0.7053524948953578,1.0324128452359266e-15,0.7292863146497149,3.5904672169127126e-17
trained_model_checkpoint_360.pkl,21,Adults,ER,0.2133833493644292,0.0368483771516268,0.2346121075666605,0.0214017671764853
trained_model_checkpoint_370.pkl,21,Kids_II,RT,0.7936895364968906,5.254995687762102e-22,0.8042125206893618,5.832105827073099e-23
trained_model_checkpoint_370.pkl,21,Kids_II,zRT,0.7902107790287313,1.0570670511293885e-21,0.8016252858423395,1.0135730218335192e-22
trained_model_checkpoint_370.pkl,21,Kids_II,ER,0.1652082920012113,0.1077094971652946,0.1190554903036432,0.2479533759314935
trained_model_checkpoint_370.pkl,21,Adults,RT,0.6986618041404858,2.488298137760437e-15,0.7088886590108445,6.420931862911354e-16
trained_model_checkpoint_370.pkl,21,Adults,zRT,0.7163819121354851,2.2920990741266393e-16,0.7292100882722445,3.631128001674074e-17
trained_model_checkpoint_370.pkl,21,Adults,ER,0.2070604928223402,0.0429508593224476,0.2154197588782771,0.0350448071182137
trained_model_checkpoint_380.pkl,21,Kids_II,RT,0.8044976264858417,5.484741481898448e-23,0.8133722179205549,7.698742914482639e-24
trained_model_checkpoint_380.pkl,21,Kids_II,zRT,0.8048112710782014,5.125859339354186e-23,0.8144773338904547,5.984887594102017e-24
trained_model_checkpoint_380.pkl,21,Kids_II,ER,0.1776036695647677,0.0834251048789671,0.1478608104527224,0.1505271847812761
trained_model_checkpoint_380.pkl,21,Adults,RT,0.7186718058983743,1.6620487119148006e-16,0.7359523233584485,1.3212005087025973e-17
trained_model_checkpoint_380.pkl,21,Adults,zRT,0.7338597333561373,1.8141225000321056e-17,0.7535518099846777,8.109765347960058e-19
trained_model_checkpoint_380.pkl,21,Adults,ER,0.2017721579129254,0.0486799386293326,0.2119146767665751,0.0381968647321082
trained_model_checkpoint_390.pkl,21,Kids_II,RT,0.7905072100466422,9.964656032764666e-22,0.8010924274846637,1.1346237126152448e-22
trained_model_checkpoint_390.pkl,21,Kids_II,zRT,0.7835789170882383,3.8650711743592846e-21,0.794869991494819,4.132852343981667e-22
trained_model_checkpoint_390.pkl,21,Kids_II,ER,0.1689406380666052,0.0998790444500521,0.126903669175983,0.2179127078164749
trained_model_checkpoint_390.pkl,21,Adults,RT,0.6930179383992613,5.12995167962624e-15,0.7079749392890005,7.264171704893217e-16
trained_model_checkpoint_390.pkl,21,Adults,zRT,0.7113097059881682,4.619629687613411e-16,0.7287163925884829,3.9054987372280655e-17
trained_model_checkpoint_390.pkl,21,Adults,ER,0.2180119188174091,0.0328568320135525,0.2317237256665403,0.0231051000577878
trained_model_checkpoint_400.pkl,21,Kids_II,RT,0.791157364309311,8.751474826460342e-22,0.8002265492767615,1.3619295243832207e-22
trained_model_checkpoint_400.pkl,21,Kids_II,zRT,0.7872701640893393,1.889030131484073e-21,0.7990752427744193,1.733799448531367e-22
trained_model_checkpoint_400.pkl,21,Kids_II,ER,0.1705513045748872,0.0966410260265529,0.1357545631986743,0.1872332616287335
trained_model_checkpoint_400.pkl,21,Adults,RT,0.6954333610845711,3.77158240768167e-15,0.7135701759308279,3.3866623008062487e-16
trained_model_checkpoint_400.pkl,21,Adults,zRT,0.7160277538342852,2.408242848404325e-16,0.738576827282296,8.839289029356808e-18
trained_model_checkpoint_400.pkl,21,Adults,ER,0.2155867662295574,0.0349002434448161,0.2372126653323427,0.0199613588390647
trained_model_checkpoint_410.pkl,21,Kids_II,RT,0.794151327731094,4.784566601210216e-22,0.7898089310027154,1.1449726214654718e-21
trained_model_checkpoint_410.pkl,21,Kids_II,zRT,0.7899857909761314,1.1054412135521084e-21,0.787753368108088,1.7182318565178335e-21
trained_model_checkpoint_410.pkl,21,Kids_II,ER,0.1828586607974253,0.0745472674550562,0.1501533059816956,0.1442306020219791
trained_model_checkpoint_410.pkl,21,Adults,RT,0.712737198020217,3.7984719388152413e-16,0.7150001453909063,2.7784575158641545e-16
trained_model_checkpoint_410.pkl,21,Adults,zRT,0.7301065814013198,3.179939071222617e-17,0.7358778125240059,1.3362695943426889e-17
trained_model_checkpoint_410.pkl,21,Adults,ER,0.2009366608356574,0.0496403528236718,0.2178221939220129,0.0330129733025449
trained_model_checkpoint_420.pkl,21,Kids_II,RT,0.7961071954518452,3.207584166437217e-22,0.7903266299838962,1.0329677433350388e-21
trained_model_checkpoint_420.pkl,21,Kids_II,zRT,0.7907352774940974,9.521538719302213e-22,0.787256362381007,1.8941435217688567e-21
trained_model_checkpoint_420.pkl,21,Kids_II,ER,0.1854124180172951,0.0705159530073932,0.1549701197700954,0.1316506637148347
trained_model_checkpoint_420.pkl,21,Adults,RT,0.7046726221839632,1.1302135868417889e-15,0.7101433019620133,5.416005881643861e-16
trained_model_checkpoint_420.pkl,21,Adults,zRT,0.7241494071342351,7.604575186121622e-17,0.7312788048354736,2.6713198170119646e-17
trained_model_checkpoint_420.pkl,21,Adults,ER,0.1937945427890386,0.0585049494140225,0.2139258466470235,0.0363604699041652
trained_model_checkpoint_430.pkl,21,Kids_II,RT,0.8101381933419417,1.5934663109709707e-23,0.791556133492535,8.079810574744858e-22
trained_model_checkpoint_430.pkl,21,Kids_II,zRT,0.8056695809812542,4.256646217609184e-23,0.7894113106158,1.23893447573761e-21
trained_model_checkpoint_430.pkl,21,Kids_II,ER,0.1724466907689551,0.0929370730392075,0.1454392145409262,0.1573999493537351
trained_model_checkpoint_430.pkl,21,Adults,RT,0.7189947047651382,1.58799549822655e-16,0.7161310044055643,2.373806027386579e-16
trained_model_checkpoint_430.pkl,21,Adults,zRT,0.7377830410124337,9.986890141121457e-18,0.7379561189819248,9.724954712457142e-18
trained_model_checkpoint_430.pkl,21,Adults,ER,0.1864765137266864,0.0688889822161714,0.2152358677151522,0.0352045671165957
trained_model_checkpoint_440.pkl,21,Kids_II,RT,0.790027213834144,1.0963761443787316e-21,0.7694211322376064,5.315885086686191e-20
trained_model_checkpoint_440.pkl,21,Kids_II,zRT,0.7853943435322517,2.7227411422639427e-21,0.7689003409686693,5.833130228730622e-20
trained_model_checkpoint_440.pkl,21,Kids_II,ER,0.1710004771337737,0.095752920510094,0.1463286125390154,0.1548490547469868
trained_model_checkpoint_440.pkl,21,Adults,RT,0.709174574379215,6.177138199485584e-16,0.7091189853080541,6.223824369451751e-16
trained_model_checkpoint_440.pkl,21,Adults,zRT,0.7268602770516713,5.1285689920270996e-17,0.7283128845750626,4.14458542299803e-17
trained_model_checkpoint_440.pkl,21,Adults,ER,0.1943142923475485,0.0578189608650548,0.2179307983615062,0.03292351686655
trained_model_checkpoint_450.pkl,21,Kids_II,RT,0.7981242264796999,2.1139372888618672e-22,0.775454232969126,1.780693887756756e-20
trained_model_checkpoint_450.pkl,21,Kids_II,zRT,0.7912019972793283,8.673679427840697e-22,0.7714174756816162,3.715442664573463e-20
trained_model_checkpoint_450.pkl,21,Kids_II,ER,0.1820567764169153,0.0758506498034976,0.1638144676989449,0.1107534554060611
trained_model_checkpoint_450.pkl,21,Adults,RT,0.714322543008159,3.052149222718202e-16,0.7067335716203998,8.58344938391932e-16
trained_model_checkpoint_450.pkl,21,Adults,zRT,0.7331066375295918,2.0319168996844738e-17,0.7266026278287533,5.3252968153179416e-17
trained_model_checkpoint_450.pkl,21,Adults,ER,0.216951550247449,0.0337375396831295,0.2401897585502165,0.0184153602955867
trained_model_checkpoint_460.pkl,21,Kids_II,RT,0.8153814833838178,4.8644831954602786e-24,0.7913024569019556,8.501031022732275e-22
trained_model_checkpoint_460.pkl,21,Kids_II,zRT,0.8097000444899747,1.7566282704395562e-23,0.7879035499984814,1.6682769734111272e-21
trained_model_checkpoint_460.pkl,21,Kids_II,ER,0.2098323607162908,0.0401793412806624,0.1892110325575874,0.0648468637522275
trained_model_checkpoint_460.pkl,21,Adults,RT,0.727942533663204,4.376478170158661e-17,0.7249177701574432,6.804421691495266e-17
trained_model_checkpoint_460.pkl,21,Adults,zRT,0.7488526027550062,1.7474238164205725e-18,0.7464122659273004,2.5860799412284118e-18
trained_model_checkpoint_460.pkl,21,Adults,ER,0.2062698095830161,0.0437699777378317,0.2280645274075403,0.0254281848758902
trained_model_checkpoint_470.pkl,21,Kids_II,RT,0.7888187665708661,1.393018099569667e-21,0.7599212622313055,2.7861726888316943e-19
trained_model_checkpoint_470.pkl,21,Kids_II,zRT,0.7847471320829664,3.086154692891041e-21,0.762103189234543,1.91751162116174e-19
trained_model_checkpoint_470.pkl,21,Kids_II,ER,0.1817163064816534,0.0764095536218367,0.1483158179830557,0.1492613354111679
trained_model_checkpoint_470.pkl,21,Adults,RT,0.7126948363819108,3.820662781926611e-16,0.7024432669290415,1.5180115081181026e-15
trained_model_checkpoint_470.pkl,21,Adults,zRT,0.7309566252430975,2.8026514587105304e-17,0.7184440649527827,1.7162804590770544e-16
trained_model_checkpoint_470.pkl,21,Adults,ER,0.1999518746741724,0.0507923986589004,0.2339033522844681,0.0218094467690351
trained_model_checkpoint_480.pkl,21,Kids_II,RT,0.7948340908549499,4.163251485173727e-22,0.7599047493059635,2.7940200843302955e-19
trained_model_checkpoint_480.pkl,21,Kids_II,zRT,0.788591752808772,1.4568588815789133e-21,0.7598773720103758,2.8070778583504725e-19
trained_model_checkpoint_480.pkl,21,Kids_II,ER,0.2035006523752319,0.0467417044657908,0.1584119483149629,0.1231871289615394
trained_model_checkpoint_480.pkl,21,Adults,RT,0.7096557903019938,5.7869259712777e-16,0.6946304323008119,4.1790415292445386e-15
trained_model_checkpoint_480.pkl,21,Adults,zRT,0.7304559164355898,3.019275966971763e-17,0.713335969511159,3.497858917634681e-16
trained_model_checkpoint_480.pkl,21,Adults,ER,0.1913853783000392,0.0617720590756741,0.2267066233470562,0.0263394542057597
trained_model_checkpoint_490.pkl,21,Kids_II,RT,0.790404682574514,1.017033471982456e-21,0.7546182235332337,6.796870980122793e-19
trained_model_checkpoint_490.pkl,21,Kids_II,zRT,0.7848594655801295,3.019862758786945e-21,0.7554809808550478,5.888034502717025e-19
trained_model_checkpoint_490.pkl,21,Kids_II,ER,0.2017219295748814,0.0487372397745756,0.1743057630879194,0.089413900034923
trained_model_checkpoint_490.pkl,21,Adults,RT,0.7113304994138167,4.606517544599866e-16,0.6950331900853927,3.969598389141691e-15
trained_model_checkpoint_490.pkl,21,Adults,zRT,0.7322003386895362,2.3277810037076147e-17,0.7151641942610595,2.7158623881660927e-16
trained_model_checkpoint_490.pkl,21,Adults,ER,0.2068229957902734,0.0431955468340278,0.2370525059319099,0.020047598273174
trained_model_checkpoint_500.pkl,21,Kids_II,RT,0.784486361539662,3.2455468314358386e-21,0.7474382811677344,2.1943274980207218e-18
trained_model_checkpoint_500.pkl,21,Kids_II,zRT,0.778817437522128,9.53595682892598e-21,0.7519868094569727,1.0492135883768899e-18
trained_model_checkpoint_500.pkl,21,Kids_II,ER,0.1914561470720688,0.061674013696343,0.1490419429436028,0.1472578080541639
trained_model_checkpoint_500.pkl,21,Adults,RT,0.7065401006549461,8.8089375910011315e-16,0.6900062613228934,7.496531871820029e-15
trained_model_checkpoint_500.pkl,21,Adults,zRT,0.7261571558062809,5.682833370804755e-17,0.708412730469254,6.847563790823659e-16
trained_model_checkpoint_500.pkl,21,Adults,ER,0.1812022837500718,0.0772596110898372,0.2121880222189057,0.0379428070806461
trained_model_checkpoint_510.pkl,21,Kids_II,RT,0.7830979871189231,4.238571131092298e-21,0.7486706290135625,1.7995355778446824e-18
trained_model_checkpoint_510.pkl,21,Kids_II,zRT,0.778494600914087,1.0129890291760912e-20,0.7522302183586882,1.0081410138226177e-18
trained_model_checkpoint_510.pkl,21,Kids_II,ER,0.1904022335926721,0.0631473174489117,0.1427246285080412,0.1653793963588336
trained_model_checkpoint_510.pkl,21,Adults,RT,0.7090126400385366,6.314092324409988e-16,0.6899921677319905,7.509770358589955e-15
trained_model_checkpoint_510.pkl,21,Adults,zRT,0.7286609086297213,3.937562585966722e-17,0.7084951869625189,6.771731256576517e-16
trained_model_checkpoint_510.pkl,21,Adults,ER,0.1994816056450492,0.0513502637162196,0.222107217881014,0.0296350716412888
trained_model_checkpoint_520.pkl,21,Kids_II,RT,0.7948496007206487,4.150091791820253e-22,0.7493675171859038,1.6077816723599508e-18
trained_model_checkpoint_520.pkl,21,Kids_II,zRT,0.7873562661209393,1.857432025769188e-21,0.7518428271348838,1.0742690633801233e-18
trained_model_checkpoint_520.pkl,21,Kids_II,ER,0.2071342157907437,0.0428751391831038,0.1642066638556455,0.1098902634122714
trained_model_checkpoint_520.pkl,21,Adults,RT,0.7167871034734206,2.165874017901902e-16,0.6935256218272003,4.809982200807284e-15
trained_model_checkpoint_520.pkl,21,Adults,zRT,0.737897456071972,9.812979088191556e-18,0.7118058886526305,4.3163917728831356e-16
trained_model_checkpoint_520.pkl,21,Adults,ER,0.1906832379575141,0.0627517209649579,0.2202289526620614,0.0310778872040455
trained_model_checkpoint_530.pkl,21,Kids_II,RT,0.8019043711991886,9.552862518649144e-23,0.7607287832043971,2.427471266887168e-19
trained_model_checkpoint_530.pkl,21,Kids_II,zRT,0.7936795516269857,5.265648680347254e-22,0.7581807140590442,3.7430194595682803e-19
trained_model_checkpoint_530.pkl,21,Kids_II,ER,0.2287052345578291,0.025007622727059,0.1795004730285891,0.0801281810415401
trained_model_checkpoint_530.pkl,21,Adults,RT,0.7188974959405273,1.60994597706478e-16,0.7021300425095213,1.5819052556092816e-15
trained_model_checkpoint_530.pkl,21,Adults,zRT,0.7431809033887425,4.3163011100299395e-18,0.7213022079338294,1.1444237396535502e-16
trained_model_checkpoint_530.pkl,21,Adults,ER,0.1851364486869338,0.0709429276818197,0.1979693821500021,0.0531784680540949
trained_model_checkpoint_540.pkl,21,Kids_II,RT,0.784806887544561,3.050716668855668e-21,0.752326782510392,9.922831980700325e-19
trained_model_checkpoint_540.pkl,21,Kids_II,zRT,0.7781217442040362,1.0860659240273872e-20,0.7551258571792736,6.246849955998463e-19
trained_model_checkpoint_540.pkl,21,Kids_II,ER,0.2013035100322264,0.0492167468718919,0.1347457700292858,0.1905623635671621
trained_model_checkpoint_540.pkl,21,Adults,RT,0.7127178928640052,3.808569272727942e-16,0.6877834136750014,9.889664611786787e-15
trained_model_checkpoint_540.pkl,21,Adults,zRT,0.7327220746274969,2.152710252718957e-17,0.7045847221654213,1.1434952941058885e-15
trained_model_checkpoint_540.pkl,21,Adults,ER,0.1985635438988392,0.0524538748713081,0.2097677483130434,0.0402422038698822
trained_model_checkpoint_550.pkl,21,Kids_II,RT,0.7862510812748853,2.305104520388029e-21,0.748348179363208,1.8956044845072058e-18
trained_model_checkpoint_550.pkl,21,Kids_II,zRT,0.7792485208986673,8.795421247719323e-21,0.7514213232443652,1.1510044414361845e-18
trained_model_checkpoint_550.pkl,21,Kids_II,ER,0.2009993082030214,0.0495678007345717,0.1319582235539499,0.1999840121261235
trained_model_checkpoint_550.pkl,21,Adults,RT,0.7058314298133912,9.68493323098631e-16,0.6758657880459379,4.192255897986534e-14
trained_model_checkpoint_550.pkl,21,Adults,zRT,0.7279379414828719,4.3794310610744623e-17,0.6927646571830806,5.297193083451509e-15
trained_model_checkpoint_550.pkl,21,Adults,ER,0.1910668223500092,0.0622149698053467,0.1995580830043303,0.0512591989847661
trained_model_checkpoint_560.pkl,21,Kids_II,RT,0.7932367906881959,5.759752922576212e-22,0.7628613501222988,1.6824670954472375e-19
trained_model_checkpoint_560.pkl,21,Kids_II,zRT,0.7849331020208692,2.9771609298562487e-21,0.7651671627668466,1.1269816163993994e-19
trained_model_checkpoint_560.pkl,21,Kids_II,ER,0.2151219263750808,0.0353038630271114,0.1521345858764345,0.1389506295106699
trained_model_checkpoint_560.pkl,21,Adults,RT,0.7206114405205848,1.262767073318185e-16,0.7052297183566422,1.0494458050218488e-15
trained_model_checkpoint_560.pkl,21,Adults,zRT,0.7437014000470805,3.976507364031468e-18,0.7217946216576816,1.0667039502374572e-16
trained_model_checkpoint_560.pkl,21,Adults,ER,0.2026629986318885,0.0476728687116927,0.2089629224094448,0.0410321352334311
trained_model_checkpoint_570.pkl,21,Kids_II,RT,0.7885940237635861,1.456206370755162e-21,0.7576828704747106,4.070954913791596e-19
trained_model_checkpoint_570.pkl,21,Kids_II,zRT,0.7798126135734573,7.910381478327251e-21,0.7587382822718208,3.406181018025759e-19
trained_model_checkpoint_570.pkl,21,Kids_II,ER,0.2203623050013871,0.0309735303803121,0.1567152769948828,0.1273054887136715
trained_model_checkpoint_570.pkl,21,Adults,RT,0.7130963260648421,3.61529666562778e-16,0.6907533145618692,6.826231281773776e-15
trained_model_checkpoint_570.pkl,21,Adults,zRT,0.7359317926370471,1.3253361082332221e-17,0.7066530247520998,8.676638060154162e-16
trained_model_checkpoint_570.pkl,21,Adults,ER,0.2076908439274371,0.0423070084477488,0.2210224245666742,0.0304612925382222
trained_model_checkpoint_580.pkl,21,Kids_II,RT,0.7960868879698568,3.2210012540090334e-22,0.7627967368904137,1.7013544356269674e-19
trained_model_checkpoint_580.pkl,21,Kids_II,zRT,0.7873373198360413,1.864340598286535e-21,0.7626660750860581,1.7401802359632836e-19
trained_model_checkpoint_580.pkl,21,Kids_II,ER,0.2210821702576975,0.0304152866297256,0.137864804458199,0.1804063324557498
trained_model_checkpoint_580.pkl,21,Adults,RT,0.7274506029987907,4.704034256066561e-17,0.6993157307848484,2.2857333569232768e-15
trained_model_checkpoint_580.pkl,21,Adults,zRT,0.7496350770657979,1.5395620090010881e-18,0.7144312384676599,3.00655100808625e-16
trained_model_checkpoint_580.pkl,21,Adults,ER,0.2086367019371598,0.0413559793214575,0.203213096280019,0.0470596492812344
trained_model_checkpoint_590.pkl,21,Kids_II,RT,0.7925609781211387,6.602008708987045e-22,0.7639294061541024,1.3982403808558802e-19
trained_model_checkpoint_590.pkl,21,Kids_II,zRT,0.7843276654649969,3.346435883637997e-21,0.7639294061541024,1.3982403808558802e-19
trained_model_checkpoint_590.pkl,21,Kids_II,ER,0.2286174446251,0.025064895629836,0.1442587368288558,0.1608339145728374
trained_model_checkpoint_590.pkl,21,Adults,RT,0.7221026196220899,1.02071960896095e-16,0.6956127523880371,3.685951192557997e-15
trained_model_checkpoint_590.pkl,21,Adults,zRT,0.746351545480071,2.6112787813672906e-18,0.7116415515756263,4.414623423221152e-16
trained_model_checkpoint_590.pkl,21,Adults,ER,0.2127396089771489,0.0374344457605706,0.2106423062122592,0.039398258446175
trained_model_checkpoint_600.pkl,21,Kids_II,RT,0.7966283023106624,2.88130399305318e-22,0.7732112482845044,2.6846259028796156e-20
trained_model_checkpoint_600.pkl,21,Kids_II,zRT,0.7887514115238878,1.4116702160834922e-21,0.7751393871958333,1.8868615384901074e-20
trained_model_checkpoint_600.pkl,21,Kids_II,ER,0.2295115199088981,0.0244868076820934,0.1215916095458594,0.2379492774779117
trained_model_checkpoint_600.pkl,21,Adults,RT,0.7273423822384818,4.7792213749507915e-17,0.7108359545030125,4.928363919188924e-16
trained_model_checkpoint_600.pkl,21,Adults,zRT,0.7522240901341359,1.0091556561071724e-18,0.728712556695191,3.9077073036475485e-17
trained_model_checkpoint_600.pkl,21,Adults,ER,0.2024860399998391,0.047871532071128,0.1868575947330424,0.0683137538057711
trained_model_checkpoint_610.pkl,21,Kids_II,RT,0.7874235135700107,1.833111368074166e-21,0.7726736177423315,2.9601753957329995e-20
trained_model_checkpoint_610.pkl,21,Kids_II,zRT,0.7785216930802383,1.0078696247761111e-20,0.773739981773905,2.4380286519953536e-20
trained_model_checkpoint_610.pkl,21,Kids_II,ER,0.2439805607158385,0.016596919783007,0.1506250505756276,0.1429599162165734
trained_model_checkpoint_610.pkl,21,Adults,RT,0.7225717743911098,9.543467892323967e-17,0.7138928804148169,3.239045178722968e-16
trained_model_checkpoint_610.pkl,21,Adults,zRT,0.7478931748679549,2.0396812851473748e-18,0.7329016792486094,2.0954527413855167e-17
trained_model_checkpoint_610.pkl,21,Adults,ER,0.2121768533553008,0.0379531600673672,0.1971449956245711,0.0541974329253281
trained_model_checkpoint_620.pkl,21,Kids_II,RT,0.7751563407722597,1.8809912175897464e-20,0.7749912821266439,1.9389072485964202e-20
trained_model_checkpoint_620.pkl,21,Kids_II,zRT,0.765059655210754,1.14835200441968e-19,0.7734347428127141,2.5775658025981318e-20
trained_model_checkpoint_620.pkl,21,Kids_II,ER,0.2458402979250489,0.0157630232874029,0.1692295709877269,0.0992920025103067
trained_model_checkpoint_620.pkl,21,Adults,RT,0.7043313886371183,1.1826253706637001e-15,0.7073506953916736,7.900943103893688e-16
trained_model_checkpoint_620.pkl,21,Adults,zRT,0.7334587215573447,1.927109983600301e-17,0.7278405381303495,4.44252106788087e-17
trained_model_checkpoint_620.pkl,21,Adults,ER,0.2141739655427336,0.0361391305582445,0.22031478992152,0.0310106800111029
trained_model_checkpoint_630.pkl,21,Kids_II,RT,0.7806998525855142,6.690793820612745e-21,0.7719643065468328,3.366078291674492e-20
trained_model_checkpoint_630.pkl,21,Kids_II,zRT,0.7723316084966904,3.1495676881604823e-20,0.7757784138690621,1.6774525777024894e-20
trained_model_checkpoint_630.pkl,21,Kids_II,ER,0.2454207663019897,0.01594790295249,0.1451346001044725,0.1582807824449535
trained_model_checkpoint_630.pkl,21,Adults,RT,0.7161380514793612,2.3714731216604797e-16,0.7127286036579115,3.8029639103966044e-16
trained_model_checkpoint_630.pkl,21,Adults,zRT,0.7437128119854423,3.969356259033749e-18,0.7338783106865919,1.809047086844687e-17
trained_model_checkpoint_630.pkl,21,Adults,ER,0.2003290430331124,0.0503485938516059,0.1863493705745317,0.0690817692101775
trained_model_checkpoint_640.pkl,21,Kids_II,RT,0.7645223449414494,1.261199442715976e-19,0.7648366477776136,1.1939443659833416e-19
trained_model_checkpoint_640.pkl,21,Kids_II,zRT,0.755807004291573,5.576301594056375e-19,0.7678299756264002,7.054278974819594e-20
trained_model_checkpoint_640.pkl,21,Kids_II,ER,0.2450035970049694,0.0161335986987906,0.1383640652661473,0.1788181092072262
trained_model_checkpoint_640.pkl,21,Adults,RT,0.7060558868830706,9.398727853070836e-16,0.7127223961061135,3.8062115814824433e-16
trained_model_checkpoint_640.pkl,21,Adults,zRT,0.7339042347407516,1.801987534604201e-17,0.7317238205840095,2.4996923760401678e-17
trained_model_checkpoint_640.pkl,21,Adults,ER,0.2209575409569185,0.0305113213961494,0.2147019981275016,0.0356718486401614
trained_model_checkpoint_650.pkl,21,Kids_II,RT,0.756584039885932,4.8965680988925605e-19,0.757500798279859,4.197723210967345e-19
trained_model_checkpoint_650.pkl,21,Kids_II,zRT,0.7456715892492938,2.910252299409099e-18,0.756233634525378,5.192495562584972e-19
trained_model_checkpoint_650.pkl,21,Kids_II,ER,0.2592437970032907,0.0107552911151478,0.156907029882385,0.1268348282660231
trained_model_checkpoint_650.pkl,21,Adults,RT,0.6932065049033563,5.008772382407271e-15,0.6911581975602776,6.487578622427281e-15
trained_model_checkpoint_650.pkl,21,Adults,zRT,0.7252481069703423,6.486089366840523e-17,0.7165637921788084,2.2345818786459994e-16
trained_model_checkpoint_650.pkl,21,Adults,ER,0.1965727685529086,0.0549141042455282,0.2068253103340558,0.043193156634279
trained_model_checkpoint_660.pkl,21,Kids_II,RT,0.7513279619300952,1.1687073965149677e-18,0.7516274847093748,1.1128300395068436e-18
trained_model_checkpoint_660.pkl,21,Kids_II,zRT,0.7442276876225602,3.6593875893233835e-18,0.7568523855128239,4.681083958806599e-19
trained_model_checkpoint_660.pkl,21,Kids_II,ER,0.2427511496166318,0.0171688759207921,0.131137172560669,0.2028218411873166
trained_model_checkpoint_660.pkl,21,Adults,RT,0.6989120869549987,2.408795464199795e-15,0.7030869155037164,1.3944664220405177e-15
trained_model_checkpoint_660.pkl,21,Adults,zRT,0.7278456530081447,4.4391862468532255e-17,0.724613782534286,7.110712962658102e-17
trained_model_checkpoint_660.pkl,21,Adults,ER,0.2064081562925724,0.0436257260724825,0.1758071224201268,0.086646594790947
trained_model_checkpoint_670.pkl,21,Kids_II,RT,0.7470687170700386,2.3282908699226457e-18,0.7456374151808254,2.9261243896633885e-18
trained_model_checkpoint_670.pkl,21,Kids_II,zRT,0.7397074733121374,7.422931749869068e-18,0.7488578494231856,1.7459432742290698e-18
trained_model_checkpoint_670.pkl,21,Kids_II,ER,0.2439934221391194,0.016591024387593,0.129740910011908,0.2077138611140141
trained_model_checkpoint_670.pkl,21,Adults,RT,0.6940535404955941,4.497774822474589e-15,0.696151684724343,3.439865418035549e-15
trained_model_checkpoint_670.pkl,21,Adults,zRT,0.722311353534947,9.906544621092896e-17,0.7150812179048118,2.7473503810498833e-16
trained_model_checkpoint_670.pkl,21,Adults,ER,0.207983555463306,0.0420107708661811,0.1725011557651458,0.0928323189562884
trained_model_checkpoint_680.pkl,21,Kids_II,RT,0.7388170597050119,8.517960904016782e-18,0.7444445093626165,3.5360055484146724e-18
trained_model_checkpoint_680.pkl,21,Kids_II,zRT,0.7297144560667398,3.3701650455823216e-17,0.7459781076058006,2.7715773825826085e-18
trained_model_checkpoint_680.pkl,21,Kids_II,ER,0.2453439105082252,0.015981974382226,0.1328690272621754,0.1968694727187839
trained_model_checkpoint_680.pkl,21,Adults,RT,0.6864237342970781,1.1701825800662324e-14,0.6958045758929774,3.596468572441464e-15
trained_model_checkpoint_680.pkl,21,Adults,zRT,0.7164306660647659,2.276542025076048e-16,0.7183180744269292,1.747015441009321e-16
trained_model_checkpoint_680.pkl,21,Adults,ER,0.1995660136817117,0.0512497632189996,0.1882135577985879,0.0662984095089057
trained_model_checkpoint_690.pkl,21,Kids_II,RT,0.7333228975971173,1.966904764603693e-17,0.7606278393582041,2.469727338467101e-19
trained_model_checkpoint_690.pkl,21,Kids_II,zRT,0.725373907141082,6.368698689416103e-17,0.7618143580045424,2.0151989956297169e-19
trained_model_checkpoint_690.pkl,21,Kids_II,ER,0.2438424722439434,0.0166603306504061,0.1523707604569079,0.1383311409572817
trained_model_checkpoint_690.pkl,21,Adults,RT,0.6833675766221248,1.7023911654950097e-14,0.711633639581626,4.4194070344565003e-16
trained_model_checkpoint_690.pkl,21,Adults,zRT,0.7136606093857857,3.344649670972617e-16,0.731492214820341,2.5876346830211546e-17
trained_model_checkpoint_690.pkl,21,Adults,ER,0.1954763046306266,0.0563090630675617,0.1873884867150161,0.0675188740269842
trained_model_checkpoint_700.pkl,21,Kids_II,RT,0.7195417960548514,1.4697661214114482e-16,0.7480158035180955,1.999837060381096e-18
trained_model_checkpoint_700.pkl,21,Kids_II,zRT,0.7114705006739885,4.519168236611053e-16,0.7468033021224688,2.429365523957353e-18
trained_model_checkpoint_700.pkl,21,Kids_II,ER,0.2573371793253356,0.0113695152516898,0.1637671244280955,0.1108580094586549
trained_model_checkpoint_700.pkl,21,Adults,RT,0.6684515099402311,9.95788567265512e-14,0.6961778846556428,3.4283167409841638e-15
trained_model_checkpoint_700.pkl,21,Adults,zRT,0.6991009933345846,2.350423740403952e-15,0.7170343023401866,2.0922043984716798e-16
trained_model_checkpoint_700.pkl,21,Adults,ER,0.2075184963955157,0.0424822439070565,0.2035981798227812,0.046634275125929
trained_model_checkpoint_710.pkl,21,Kids_II,RT,0.7195841202397204,1.4609840439990711e-16,0.7620776853382466,1.9259488553862716e-19
trained_model_checkpoint_710.pkl,21,Kids_II,zRT,0.7114449835331085,4.534968308819175e-16,0.7636662471354739,1.4635994235686424e-19
trained_model_checkpoint_710.pkl,21,Kids_II,ER,0.2591925742961016,0.0107714054095865,0.1616577390106829,0.1155947111935779
trained_model_checkpoint_710.pkl,21,Adults,RT,0.6682284581455809,1.0216551168314477e-13,0.7060460451044686,9.411103512619086e-16
trained_model_checkpoint_710.pkl,21,Adults,zRT,0.6978726415204077,2.7559674124699028e-15,0.7225796290729783,9.532719908792299e-17
trained_model_checkpoint_710.pkl,21,Adults,ER,0.2158422018965315,0.0346801044237594,0.2182170144011338,0.0326887410516458
trained_model_checkpoint_720.pkl,21,Kids_II,RT,0.7133904691195845,3.4716719198273763e-16,0.7512708544236959,1.1796660126451372e-18
trained_model_checkpoint_720.pkl,21,Kids_II,zRT,0.7052305384755764,1.0493311307668837e-15,0.7555197122113673,5.850133205817276e-19
trained_model_checkpoint_720.pkl,21,Kids_II,ER,0.2434647349906594,0.0168348598133096,0.1423662326938588,0.1664548793431012
trained_model_checkpoint_720.pkl,21,Adults,RT,0.6564184792399729,3.851654525438409e-13,0.686075036574651,1.2216014196098768e-14
trained_model_checkpoint_720.pkl,21,Adults,zRT,0.687555622359826,1.0173052301777048e-14,0.7040014365651389,1.2355389870775292e-15
trained_model_checkpoint_720.pkl,21,Adults,ER,0.2096259636711476,0.0403804364151982,0.213454461136078,0.0367841103762618
trained_model_checkpoint_730.pkl,21,Kids_II,RT,0.7152140836870893,2.697098957539599e-16,0.7565728123367894,4.905790798957097e-19
trained_model_checkpoint_730.pkl,21,Kids_II,zRT,0.7076140138005015,7.626006669529911e-16,0.7623261115612632,1.8452768304384565e-19
trained_model_checkpoint_730.pkl,21,Kids_II,ER,0.247814351947942,0.0149177808050331,0.139992862578906,0.173707832151414
trained_model_checkpoint_730.pkl,21,Adults,RT,0.6589036337045948,2.927552115039121e-13,0.6923439293684243,5.586730381495065e-15
trained_model_checkpoint_730.pkl,21,Adults,zRT,0.6899298590852065,7.568570183234975e-15,0.7109094908221565,4.87916405820311e-16
trained_model_checkpoint_730.pkl,21,Adults,ER,0.217309739148386,0.0334378440377681,0.2344935300080926,0.0214695152798601
trained_model_checkpoint_740.pkl,21,Kids_II,RT,0.7008719506002111,1.8658035275552027e-15,0.7379574560971075,9.72295731412948e-18
trained_model_checkpoint_740.pkl,21,Kids_II,zRT,0.6925567309815621,5.4384202519813296e-15,0.7409105637084432,6.158042194322477e-18
trained_model_checkpoint_740.pkl,21,Kids_II,ER,0.263664039587818,0.009441748543129,0.1645218447959369,0.1092003741922409
trained_model_checkpoint_740.pkl,21,Adults,RT,0.6502970146599548,7.48901711865454e-13,0.6868104841267391,1.1156019544169706e-14
trained_model_checkpoint_740.pkl,21,Adults,zRT,0.6833309905772773,1.7100011115256187e-14,0.7080998344305744,7.142879902210595e-16
trained_model_checkpoint_740.pkl,21,Adults,ER,0.2204081005670791,0.0309377607279323,0.2372706776397551,0.0199302002331829
trained_model_checkpoint_750.pkl,21,Kids_II,RT,0.6924242163533485,5.530320890288191e-15,0.7258471470388691,5.945271465716558e-17
trained_model_checkpoint_750.pkl,21,Kids_II,zRT,0.6842790655439553,1.5230353829465957e-14,0.7283199285919489,4.140292471444698e-17
trained_model_checkpoint_750.pkl,21,Kids_II,ER,0.2683881310439705,0.0081955933206436,0.1755467445846868,0.0871215841788782
trained_model_checkpoint_750.pkl,21,Adults,RT,0.6399883657735026,2.218934603098387e-12,0.6652211183834461,1.4405762387242692e-13
trained_model_checkpoint_750.pkl,21,Adults,zRT,0.6741298473769004,5.1450358360405496e-14,0.6926361184921579,5.3840739313423115e-15
trained_model_checkpoint_750.pkl,21,Adults,ER,0.2052493260745004,0.0448463065085693,0.2138316039730782,0.0364448382833891
trained_model_checkpoint_760.pkl,21,Kids_II,RT,0.6831252391637779,1.7534145256827107e-14,0.7187142053731936,1.6521372736100192e-16
trained_model_checkpoint_760.pkl,21,Kids_II,zRT,0.6736505637840859,5.4430044941656327e-14,0.7201487646653559,1.3485797030158614e-16
trained_model_checkpoint_760.pkl,21,Kids_II,ER,0.2647680938664661,0.0091365054745256,0.1771121833958727,0.0842967803523713
trained_model_checkpoint_760.pkl,21,Adults,RT,0.627818428882241,7.597055419543326e-12,0.6508810692433106,7.033254740414426e-13
trained_model_checkpoint_760.pkl,21,Adults,zRT,0.6609338115632475,2.335290472008159e-13,0.6761077943959806,4.0738096640212324e-14
trained_model_checkpoint_760.pkl,21,Adults,ER,0.2077694621203301,0.0422272729422869,0.212176611896717,0.0379533839136899
trained_model_checkpoint_770.pkl,21,Kids_II,RT,0.6774299727028188,3.4816826350360265e-14,0.7239380927897162,7.84016964866831e-17
trained_model_checkpoint_770.pkl,21,Kids_II,zRT,0.668795173634551,9.571697780990821e-14,0.7242909382603698,7.450636485936474e-17
trained_model_checkpoint_770.pkl,21,Kids_II,ER,0.2573378759196497,0.0113692853599721,0.1625893892545111,0.1134837071756885
trained_model_checkpoint_770.pkl,21,Adults,RT,0.6239660347513508,1.1092163862402724e-11,0.6580496018411227,3.217913722096488e-13
trained_model_checkpoint_770.pkl,21,Adults,zRT,0.6557550966361418,4.1425045367183554e-13,0.682107902197325,1.984225662721136e-14
trained_model_checkpoint_770.pkl,21,Adults,ER,0.2105131960989877,0.039521911154343,0.2052272157215533,0.0448698677513585
trained_model_checkpoint_780.pkl,21,Kids_II,RT,0.6743048391620735,5.0402254750057415e-14,0.7234458434650739,8.416753896886651e-17
trained_model_checkpoint_780.pkl,21,Kids_II,zRT,0.6665675747968145,1.2357604659343896e-13,0.7254187002038882,6.327399496425e-17
trained_model_checkpoint_780.pkl,21,Kids_II,ER,0.2468402917843487,0.0153298080501751,0.1715851747055755,0.0946064997723451
trained_model_checkpoint_780.pkl,21,Adults,RT,0.6223680345205125,1.2957996102203754e-11,0.6526903843818092,5.785020390125065e-13
trained_model_checkpoint_780.pkl,21,Adults,zRT,0.6541464702870512,4.938569312237373e-13,0.6785398662672998,3.0496931162673494e-14
trained_model_checkpoint_780.pkl,21,Adults,ER,0.2081594420077262,0.0418335977206557,0.1934068649176469,0.0590209427858141
trained_model_checkpoint_790.pkl,21,Kids_II,RT,0.6683512438977361,1.0073367829732643e-13,0.7159666321190334,2.428856226042862e-16
trained_model_checkpoint_790.pkl,21,Kids_II,zRT,0.6611463908143373,2.280439133899389e-13,0.7203168164420045,1.3167767852348628e-16
trained_model_checkpoint_790.pkl,21,Kids_II,ER,0.2421769551445917,0.0174417839391515,0.184148744193486,0.0724882048474893
trained_model_checkpoint_790.pkl,21,Adults,RT,0.6159324688670204,2.402261116517764e-11,0.6473392226252512,1.0271028982549137e-12
trained_model_checkpoint_790.pkl,21,Adults,zRT,0.6492546771387218,8.374189216763166e-13,0.6753625030313677,4.449338926484234e-14
trained_model_checkpoint_790.pkl,21,Adults,ER,0.2133577057956804,0.0368715754220883,0.2149504988635965,0.0354536991319631
trained_model_checkpoint_800.pkl,21,Kids_II,RT,0.670557715040186,7.807811094370057e-14,0.719367842922908,1.5064010994763682e-16
trained_model_checkpoint_800.pkl,21,Kids_II,zRT,0.6633006136623305,1.7903674855905277e-13,0.7212347207959707,1.1554942745910762e-16
trained_model_checkpoint_800.pkl,21,Kids_II,ER,0.2525207290283816,0.0130594389181982,0.1967392192768717,0.0547048399282355
trained_model_checkpoint_800.pkl,21,Adults,RT,0.6214501537363822,1.416277914337162e-11,0.6571337188263588,3.560178342504508e-13
trained_model_checkpoint_800.pkl,21,Adults,zRT,0.6539846537435474,5.026373812162276e-13,0.684225325460842,1.533082263655439e-14
trained_model_checkpoint_800.pkl,21,Adults,ER,0.2172788763835274,0.0334635782954726,0.2146964958107624,0.0356766916378492
trained_model_checkpoint_810.pkl,21,Kids_II,RT,0.6578065401061566,3.305513074575809e-13,0.7324292843944302,2.2493199315602207e-17
trained_model_checkpoint_810.pkl,21,Kids_II,zRT,0.6509932976731337,6.948799896200433e-13,0.734574538881135,1.6284575352608235e-17
trained_model_checkpoint_810.pkl,21,Kids_II,ER,0.2367701203359416,0.0202004311022797,0.1795235853834985,0.0800886603594836
trained_model_checkpoint_810.pkl,21,Adults,RT,0.6043247071988564,7.06439198209609e-11,0.6562946404683169,3.904408545498986e-13
trained_model_checkpoint_810.pkl,21,Adults,zRT,0.638047379907901,2.710080905008702e-12,0.6850585628716845,1.3842767240852255e-14
trained_model_checkpoint_810.pkl,21,Adults,ER,0.2184029579231259,0.0325369734197441,0.2150475695336619,0.0353687891500724
trained_model_checkpoint_820.pkl,21,Kids_II,RT,0.6462693091057529,1.1504555114487168e-12,0.7230241688290767,8.943192535932249e-17
trained_model_checkpoint_820.pkl,21,Kids_II,zRT,0.6384975551213098,2.5875969119161727e-12,0.7195734389778441,1.463195546165313e-16
trained_model_checkpoint_820.pkl,21,Kids_II,ER,0.2317375286274796,0.023096692551064,0.1816803403522663,0.0764687868571125
trained_model_checkpoint_820.pkl,21,Adults,RT,0.5895202570762741,2.6291630748473257e-10,0.632498047731827,4.7631897261505116e-12
trained_model_checkpoint_820.pkl,21,Adults,zRT,0.6226668249302412,1.258757320721752e-11,0.66188849146475,2.098544657857523e-13
trained_model_checkpoint_820.pkl,21,Adults,ER,0.2143936006934821,0.0359441447303829,0.2321057331690145,0.0228733788317617
trained_model_checkpoint_830.pkl,21,Kids_II,RT,0.6437833197075968,1.4947532713795518e-12,0.7210634531189737,1.184057025675702e-16
trained_model_checkpoint_830.pkl,21,Kids_II,zRT,0.6376404097598145,2.8256075977589455e-12,0.7218808935333846,1.0536248042408723e-16
trained_model_checkpoint_830.pkl,21,Kids_II,ER,0.2413870929256201,0.0178233061764826,0.2038752981402985,0.0463301365477599
trained_model_checkpoint_830.pkl,21,Adults,RT,0.5969916797590803,1.3658777876204147e-10,0.6515294675976503,6.558646399271755e-13
trained_model_checkpoint_830.pkl,21,Adults,zRT,0.628521055636371,7.0863215444512774e-12,0.6785712802257268,3.0382541546927517e-14
trained_model_checkpoint_830.pkl,21,Adults,ER,0.2124210779999015,0.0377273144266026,0.2197142721139067,0.0314834466508126
trained_model_checkpoint_840.pkl,21,Kids_II,RT,0.6371560297861899,2.9693054633162005e-12,0.6827348888722786,1.8387270023118052e-14
trained_model_checkpoint_840.pkl,21,Kids_II,zRT,0.6308005133451604,5.647286489367e-12,0.6855527760701844,1.3027249762455212e-14
trained_model_checkpoint_840.pkl,21,Kids_II,ER,0.2545653391630145,0.0123170643418317,0.1771225581401607,0.084278305589052
trained_model_checkpoint_840.pkl,21,Adults,RT,0.6041747393929886,7.161496003013629e-11,0.637407591057837,2.8938186640091615e-12
trained_model_checkpoint_840.pkl,21,Adults,zRT,0.6364608483510041,3.1879178003208548e-12,0.6656844109876242,1.366653378407116e-13
trained_model_checkpoint_840.pkl,21,Adults,ER,0.2301555715949681,0.0240774569641822,0.2687651546367921,0.0081026852001671
trained_model_checkpoint_850.pkl,21,Kids_II,RT,0.6290632153089027,6.715014407971938e-12,0.6814618539727014,2.1457775092890433e-14
trained_model_checkpoint_850.pkl,21,Kids_II,zRT,0.6218530239219558,1.3621259667381991e-11,0.6825464770512815,1.8813287137035428e-14
trained_model_checkpoint_850.pkl,21,Kids_II,ER,0.239297873059046,0.0188673123183605,0.1855488942831027,0.0703055672166151
trained_model_checkpoint_850.pkl,21,Adults,RT,0.5936761017146713,1.8302936583515864e-10,0.6316829640096221,5.169614708639435e-12
trained_model_checkpoint_850.pkl,21,Adults,zRT,0.6242095114853266,1.0831650987025366e-11,0.6572740008426907,3.5055647947996633e-13
trained_model_checkpoint_850.pkl,21,Adults,ER,0.2184922500689762,0.0324643042316844,0.2624232173711766,0.0097954527276023
trained_model_checkpoint_860.pkl,21,Kids_II,RT,0.6240142478004291,1.1040102627337404e-11,0.6703511671829675,7.996994726613534e-14
trained_model_checkpoint_860.pkl,21,Kids_II,zRT,0.6158445949571778,2.4223598630458342e-11,0.6734828640283562,5.551150672105894e-14
trained_model_checkpoint_860.pkl,21,Kids_II,ER,0.2497059596022249,0.0141449878551086,0.1748810155939039,0.0883454325637352
trained_model_checkpoint_860.pkl,21,Adults,RT,0.5947612837461222,1.6637092457024736e-10,0.6251859880444692,9.844847876791198e-12
trained_model_checkpoint_860.pkl,21,Adults,zRT,0.62652926517712,8.627853339564178e-12,0.6513471141309491,6.688903828113959e-13
trained_model_checkpoint_860.pkl,21,Adults,ER,0.2227482899528709,0.0291557795164587,0.2485231818627915,0.0146240128572332
trained_model_checkpoint_870.pkl,21,Kids_II,RT,0.6130675984331713,3.147851858460906e-11,0.646507717759091,1.1217885852637273e-12
trained_model_checkpoint_870.pkl,21,Kids_II,zRT,0.6057852450551948,6.182594158645695e-11,0.652916533746754,5.644933387998677e-13
trained_model_checkpoint_870.pkl,21,Kids_II,ER,0.2367013027575393,0.0202378277994022,0.1891727878004573,0.0649020386801192
trained_model_checkpoint_870.pkl,21,Adults,RT,0.579604755590417,6.112938471943186e-10,0.6050480254567975,6.61355638130116e-11
trained_model_checkpoint_870.pkl,21,Adults,zRT,0.6136092923026899,2.9916297498157426e-11,0.6379910445179283,2.725796773144623e-12
trained_model_checkpoint_870.pkl,21,Adults,ER,0.2175721570773053,0.0332197046905537,0.2664380214875736,0.0086912789675875
trained_model_checkpoint_880.pkl,21,Kids_II,RT,0.6083248209317782,4.8953533346641545e-11,0.6743612987016883,5.0068520498189393e-14
trained_model_checkpoint_880.pkl,21,Kids_II,zRT,0.5996153713316401,1.0809243404526951e-10,0.680139933533844,2.5169326412931614e-14
trained_model_checkpoint_880.pkl,21,Kids_II,ER,0.2474994040523554,0.015049940815184,0.1876235447790987,0.0671693322585647
trained_model_checkpoint_880.pkl,21,Adults,RT,0.58727585033775,3.1903920232608753e-10,0.6412361016944569,1.949826120518389e-12
trained_model_checkpoint_880.pkl,21,Adults,zRT,0.619340391417316,1.7354811601164637e-11,0.6680979048889388,1.0370949663085369e-13
trained_model_checkpoint_880.pkl,21,Adults,ER,0.2229741553993064,0.0289884842118199,0.2662354302477663,0.0087442557081625
trained_model_checkpoint_890.pkl,21,Kids_II,RT,0.6001560270137872,1.0297718420807318e-10,0.6416389432307447,1.869876814730717e-12
trained_model_checkpoint_890.pkl,21,Kids_II,zRT,0.5902504993298571,2.4679689831090475e-10,0.6456395697353008,1.2296184623493672e-12
trained_model_checkpoint_890.pkl,21,Kids_II,ER,0.2432197745881684,0.0169488830630903,0.1667746305194668,0.1043670004018404
trained_model_checkpoint_890.pkl,21,Adults,RT,0.5699513611236589,1.3533505536369914e-09,0.5895846375964614,2.614554749051957e-10
trained_model_checkpoint_890.pkl,21,Adults,zRT,0.602210554101978,8.558026321051776e-11,0.6206818151568771,1.525358518446848e-11
trained_model_checkpoint_890.pkl,21,Adults,ER,0.2167591206492389,0.0338994760898559,0.2569970185082976,0.0114822621745179
trained_model_checkpoint_900.pkl,21,Kids_II,RT,0.5942466000123567,1.7408146910663069e-10,0.6024723384313556,8.357805248378024e-11
trained_model_checkpoint_900.pkl,21,Kids_II,zRT,0.5834626738464908,4.4171354451063255e-10,0.6000962458679077,1.035311291615292e-10
trained_model_checkpoint_900.pkl,21,Kids_II,ER,0.2328945080659231,0.0224011964694102,0.1544573435164696,0.1329486558385931
trained_model_checkpoint_900.pkl,21,Adults,RT,0.5640795762588242,2.167559073186125e-09,0.5508704861159496,6.051304459562174e-09
trained_model_checkpoint_900.pkl,21,Adults,zRT,0.596371777253731,1.443069100407642e-10,0.578656700139165,6.616771533692092e-10
trained_model_checkpoint_900.pkl,21,Adults,ER,0.2197066382589182,0.0314894954540488,0.2442735443350884,0.0164630706148636
trained_model_checkpoint_910.pkl,21,Kids_II,RT,0.5969449026077489,1.3715612950256971e-10,0.6274684376911349,7.864520238055366e-12
trained_model_checkpoint_910.pkl,21,Kids_II,zRT,0.5861671875897007,3.508440938108554e-10,0.6275692071936548,7.786595408774225e-12
trained_model_checkpoint_910.pkl,21,Kids_II,ER,0.2368622310871503,0.0201504693365009,0.1438303921485277,0.1620936259666525
trained_model_checkpoint_910.pkl,21,Adults,RT,0.5655835327257113,1.9228999250835622e-09,0.5686267997196791,1.506279474818022e-09
trained_model_checkpoint_910.pkl,21,Adults,zRT,0.5986614417111628,1.177193049693233e-10,0.6015706755435083,9.067032034425162e-11
trained_model_checkpoint_910.pkl,21,Adults,ER,0.2106095327146894,0.0394296159833853,0.2462260670462243,0.0155946619482301
trained_model_checkpoint_920.pkl,21,Kids_II,RT,0.5907534193165342,2.3625215399525997e-10,0.6115630891011966,3.624040263160792e-11
trained_model_checkpoint_920.pkl,21,Kids_II,zRT,0.5795327761398009,6.149861689661604e-10,0.6120753255940523,3.4546168735888066e-11
trained_model_checkpoint_920.pkl,21,Kids_II,ER,0.2355592419272664,0.020867176058944,0.1638920722649398,0.1105822372978671
trained_model_checkpoint_920.pkl,21,Adults,RT,0.5626960283403606,2.4187550727147743e-09,0.5664074721156049,1.800322306789443e-09
trained_model_checkpoint_920.pkl,21,Adults,zRT,0.5929580244433522,1.9492147484664352e-10,0.5921847885483921,2.0855642066043806e-10
trained_model_checkpoint_920.pkl,21,Adults,ER,0.2121477387458228,0.0379801589903958,0.2374325858944136,0.0198434596614695
trained_model_checkpoint_930.pkl,21,Kids_II,RT,0.5817634078210556,5.099420554822606e-10,0.5916486100430067,2.1854433563357168e-10
trained_model_checkpoint_930.pkl,21,Kids_II,zRT,0.571133981797532,1.229485206107654e-09,0.5914737894208733,2.2189909019320464e-10
trained_model_checkpoint_930.pkl,21,Kids_II,ER,0.2322612212112811,0.0227796320156732,0.1862892218488896,0.0691731244671607
trained_model_checkpoint_930.pkl,21,Adults,RT,0.55619225378485,4.022966430204363e-09,0.5575506423350685,3.620672868094329e-09
trained_model_checkpoint_930.pkl,21,Adults,zRT,0.5866914621552659,3.354419420288051e-10,0.5828837397605886,4.6390997595521736e-10
trained_model_checkpoint_930.pkl,21,Adults,ER,0.2052532270861165,0.0448421505767331,0.25045910904025,0.0138471126592207
trained_model_checkpoint_940.pkl,21,Kids_II,RT,0.5799127625173541,5.957329583242047e-10,0.5900903400525058,2.5024885120019837e-10
trained_model_checkpoint_940.pkl,21,Kids_II,zRT,0.5709384563857534,1.249185377886938e-09,0.5928711241946123,1.9641001570640652e-10
trained_model_checkpoint_940.pkl,21,Kids_II,ER,0.2228358446057274,0.0290908322664486,0.1758398084634331,0.086587113515503
trained_model_checkpoint_940.pkl,21,Adults,RT,0.5576088687325573,3.6043200600720082e-09,0.5591124047094418,3.205731804728094e-09
trained_model_checkpoint_940.pkl,21,Adults,zRT,0.5882897006196404,2.92392924159391e-10,0.5851484893771055,3.827353266317643e-10
trained_model_checkpoint_940.pkl,21,Adults,ER,0.1932595443206088,0.0592179963047509,0.2357514116999864,0.0207601184791825
trained_model_checkpoint_950.pkl,21,Kids_II,RT,0.5723814950321489,1.1106309996536403e-09,0.5536295986129979,4.901317931386961e-09
trained_model_checkpoint_950.pkl,21,Kids_II,zRT,0.5618755052458676,2.5806596066123544e-09,0.555199970208585,4.343521191544178e-09
trained_model_checkpoint_950.pkl,21,Kids_II,ER,0.2119808318260047,0.038135247542458,0.1732889116492026,0.0913276110331204
trained_model_checkpoint_950.pkl,21,Adults,RT,0.5499804929763321,6.474388273945417e-09,0.5434221832416817,1.0589009423279982e-08
trained_model_checkpoint_950.pkl,21,Adults,zRT,0.5797888529648048,6.019467618066593e-10,0.5710754455577234,1.2353515669955506e-09
trained_model_checkpoint_950.pkl,21,Adults,ER,0.1920569582901513,0.0608467259286812,0.2206282535062023,0.0307662919777377
trained_model_checkpoint_960.pkl,21,Kids_II,RT,0.5801440394452957,5.842992061886883e-10,0.5937707440333059,1.8151499057851828e-10
trained_model_checkpoint_960.pkl,21,Kids_II,zRT,0.5710042254158229,1.2425252753724356e-09,0.5956956025924542,1.53204584454366e-10
trained_model_checkpoint_960.pkl,21,Kids_II,ER,0.2152592136325391,0.0351842509396329,0.1846958241476264,0.0716289752151672
trained_model_checkpoint_960.pkl,21,Adults,RT,0.5559736688517278,4.091572662869348e-09,0.5609037841358467,2.785837920085228e-09
trained_model_checkpoint_960.pkl,21,Adults,zRT,0.5878385637040084,3.0397464623450187e-10,0.5916052781542639,2.193712899079e-10
trained_model_checkpoint_960.pkl,21,Adults,ER,0.1968452583553728,0.0545718675772133,0.250846868585097,0.0136958875760818
trained_model_checkpoint_970.pkl,21,Kids_II,RT,0.5833082268864039,4.4753324833874676e-10,0.6002583475774413,1.0203566669419884e-10
trained_model_checkpoint_970.pkl,21,Kids_II,zRT,0.5725989006337967,1.0910790613963095e-09,0.6004587757573943,1.0021532776434296e-10
trained_model_checkpoint_970.pkl,21,Kids_II,ER,0.2219394812077811,0.0297615733088558,0.1907319887582415,0.0626832955153685
trained_model_checkpoint_970.pkl,21,Adults,RT,0.5491823335902225,6.877762878419181e-09,0.5552982982503993,4.310696646779229e-09
trained_model_checkpoint_970.pkl,21,Adults,zRT,0.5807230351625368,5.565912737900084e-10,0.5854346793881224,3.7350525470983677e-10
trained_model_checkpoint_970.pkl,21,Adults,ER,0.1988251611341172,0.0521374124600771,0.2579944535489776,0.0111543972788443
trained_model_checkpoint_980.pkl,21,Kids_II,RT,0.5770537651042605,7.560532805778515e-10,0.5594316354572451,3.1267150925031556e-09
trained_model_checkpoint_980.pkl,21,Kids_II,zRT,0.5658996013465961,1.874961450492397e-09,0.5588838383776719,3.263478045328609e-09
trained_model_checkpoint_980.pkl,21,Kids_II,ER,0.2230311758716778,0.0289463787245013,0.1862735142517419,0.0691969975953236
trained_model_checkpoint_980.pkl,21,Adults,RT,0.5467299885736012,8.273078166757025e-09,0.5400952161558934,1.3536383936055916e-08
trained_model_checkpoint_980.pkl,21,Adults,zRT,0.5794530822991963,6.190991804834705e-10,0.5690303484634974,1.458014385072759e-09
trained_model_checkpoint_980.pkl,21,Adults,ER,0.1993938132000587,0.0514549660205648,0.229617663144615,0.0244189388832461
trained_model_checkpoint_990.pkl,21,Kids_II,RT,0.5811850125571737,5.353922510254758e-10,0.5816203485554045,5.161265417256232e-10
trained_model_checkpoint_990.pkl,21,Kids_II,zRT,0.5719099551267365,1.1541992394399656e-09,0.5826003527632695,4.751616511265924e-10
trained_model_checkpoint_990.pkl,21,Kids_II,ER,0.2264976523746822,0.0264821275102922,0.2108202376538647,0.0392283777595016
trained_model_checkpoint_990.pkl,21,Adults,RT,0.5535241501343217,4.9411326992611196e-09,0.5543827109434201,4.625758511106203e-09
trained_model_checkpoint_990.pkl,21,Adults,zRT,0.5858463413215609,3.606024997953058e-10,0.5844712698873754,4.054571849703583e-10
trained_model_checkpoint_990.pkl,21,Adults,ER,0.2049624923406788,0.0451527609401934,0.2428139052183145,0.0171392735352668
trained_model_checkpoint_1000.pkl,21,Kids_II,RT,0.5771888034116684,7.476290496195101e-10,0.5591568942279503,3.194606087338102e-09
trained_model_checkpoint_1000.pkl,21,Kids_II,zRT,0.5666613805984567,1.7640828022536991e-09,0.5600076464443489,2.9888351159786196e-09
trained_model_checkpoint_1000.pkl,21,Kids_II,ER,0.2321612578520396,0.0228398641188455,0.1915897139242562,0.0614893111602641
trained_model_checkpoint_1000.pkl,21,Adults,RT,0.5444990400486337,9.774338606394368e-09,0.5333234759646173,2.21328645340636e-08
trained_model_checkpoint_1000.pkl,21,Adults,zRT,0.5771905699150199,7.475194471164208e-10,0.5632470491144819,2.3155399142087196e-09
trained_model_checkpoint_1000.pkl,21,Adults,ER,0.2022202645368474,0.0481711918004115,0.231545771849992,0.0232137277061039
trained_model_checkpoint_1010.pkl,21,Kids_II,RT,0.576219948128855,8.101228501279263e-10,0.5600543776525128,2.9779081429675234e-09
trained_model_checkpoint_1010.pkl,21,Kids_II,zRT,0.5661246131272725,1.841533872406276e-09,0.5609375635998081,2.778450417646158e-09
trained_model_checkpoint_1010.pkl,21,Kids_II,ER,0.2357940873492473,0.0207364079485756,0.1934557710152522,0.0589556453515018
trained_model_checkpoint_1010.pkl,21,Adults,RT,0.543271797526047,1.0707819447965973e-08,0.5339513263213382,2.1156140873339742e-08
trained_model_checkpoint_1010.pkl,21,Adults,zRT,0.5761264178850269,8.164143017313035e-10,0.5619843025003063,2.5586097954797827e-09
trained_model_checkpoint_1010.pkl,21,Adults,ER,0.1998475030483102,0.0509157781438319,0.2301013686557286,0.0241116811706118
trained_model_checkpoint_1020.pkl,21,Kids_II,RT,0.575756334393287,8.41771288138047e-10,0.5643512717275707,2.121258535724094e-09
trained_model_checkpoint_1020.pkl,21,Kids_II,zRT,0.5642266673411627,2.1423739005108824e-09,0.5640650314801942,2.170064809438229e-09
trained_model_checkpoint_1020.pkl,21,Kids_II,ER,0.2370675327093236,0.0200394933761241,0.2019706506568218,0.048454039800484
trained_model_checkpoint_1020.pkl,21,Adults,RT,0.5474228298012771,7.853595664211257e-09,0.5422862378012312,1.1518575299503522e-08
trained_model_checkpoint_1020.pkl,21,Adults,zRT,0.5800184509056068,5.90481597610629e-10,0.5720388669428262,1.1421282485869114e-09
trained_model_checkpoint_1020.pkl,21,Adults,ER,0.1990427860517479,0.0518753634610995,0.229776086365177,0.0243179402428491
trained_model_checkpoint_1030.pkl,21,Kids_II,RT,0.5768819700777957,7.669022384931902e-10,0.56200644991092,2.554143369135138e-09
trained_model_checkpoint_1030.pkl,21,Kids_II,zRT,0.5648456996354076,2.039422009897807e-09,0.5620555606082411,2.544265936618391e-09
trained_model_checkpoint_1030.pkl,21,Kids_II,ER,0.2267186083689493,0.0263312913784612,0.1894009317452598,0.0645734637438398
trained_model_checkpoint_1030.pkl,21,Adults,RT,0.5423416047220576,1.147151423399456e-08,0.5335058752322064,2.1844762383999652e-08
trained_model_checkpoint_1030.pkl,21,Adults,zRT,0.572601294016713,1.090865665458782e-09,0.5614989727052678,2.6583847551514653e-09
trained_model_checkpoint_1030.pkl,21,Adults,ER,0.1927720782359545,0.059873855714653,0.2241520344048978,0.0281291629980588
trained_model_checkpoint_1040.pkl,21,Kids_II,RT,0.5793398493342498,6.24988578896959e-10,0.562045371767559,2.5463121630761252e-09
trained_model_checkpoint_1040.pkl,21,Kids_II,zRT,0.566979247244799,1.719699569799371e-09,0.5604500696977976,2.886906168289073e-09
trained_model_checkpoint_1040.pkl,21,Kids_II,ER,0.2521223488528307,0.0132085332909544,0.2177513859164372,0.0330714073519147
trained_model_checkpoint_1040.pkl,21,Adults,RT,0.5520946922035855,5.5123566293346406e-09,0.5424681520088981,1.1364640031818522e-08
trained_model_checkpoint_1040.pkl,21,Adults,zRT,0.5826977128838843,4.712668163364855e-10,0.5700709683338968,1.3402989419243567e-09
trained_model_checkpoint_1040.pkl,21,Adults,ER,0.2100052159901812,0.0400115699682212,0.2360645477036981,0.0205866799655051
trained_model_checkpoint_1050.pkl,21,Kids_II,RT,0.5722454937879082,1.1230323656457678e-09,0.5601262544279262,2.9611761304627007e-09
trained_model_checkpoint_1050.pkl,21,Kids_II,zRT,0.5592921998276212,3.1609963247260103e-09,0.558538984586281,3.3524928806364583e-09
trained_model_checkpoint_1050.pkl,21,Kids_II,ER,0.2379612349727976,0.0195624960945133,0.2001890721919477,0.050512919537926
trained_model_checkpoint_1050.pkl,21,Adults,RT,0.5390702494032423,1.4592376032016381e-08,0.5369308420513095,1.7055751393977444e-08
trained_model_checkpoint_1050.pkl,21,Adults,zRT,0.5674677674473494,1.6535681986028563e-09,0.5642089742783428,2.1453884333898755e-09
trained_model_checkpoint_1050.pkl,21,Adults,ER,0.2157288243712054,0.034777670754043,0.2467102381326697,0.0153855597625394
trained_model_checkpoint_1060.pkl,21,Kids_II,RT,0.5741086315947741,9.641299069143835e-10,0.564112496920642,2.1618978226985923e-09
trained_model_checkpoint_1060.pkl,21,Kids_II,zRT,0.5606479702901008,2.842397857642224e-09,0.5624186128400673,2.4723735430522434e-09
trained_model_checkpoint_1060.pkl,21,Kids_II,ER,0.2380706429750408,0.019504777491115,0.2090419437859983,0.0409540083625051
trained_model_checkpoint_1060.pkl,21,Adults,RT,0.5381387062634588,1.5620017567700012e-08,0.5347027414347231,2.0041263207879708e-08
trained_model_checkpoint_1060.pkl,21,Adults,zRT,0.5674747268528713,1.652643944982199e-09,0.5623285996763654,2.490014503438654e-09
trained_model_checkpoint_1060.pkl,21,Adults,ER,0.198597375175777,0.0524128624974598,0.2328319285705089,0.0224383513059071
trained_model_checkpoint_1070.pkl,21,Kids_II,RT,0.5744128182688395,9.403266465640263e-10,0.5642754619656835,2.1340813197273412e-09
trained_model_checkpoint_1070.pkl,21,Kids_II,zRT,0.5609387129338494,2.778199390934816e-09,0.562556731861792,2.4455373145672844e-09
trained_model_checkpoint_1070.pkl,21,Kids_II,ER,0.2373082395804229,0.0199100478765074,0.2133878329538789,0.0368443223610704
trained_model_checkpoint_1070.pkl,21,Adults,RT,0.5442672529709819,9.944462475351051e-09,0.5429959463936945,1.092907201397788e-08
trained_model_checkpoint_1070.pkl,21,Adults,zRT,0.5738854683674276,9.819593138551772e-10,0.5710603536615215,1.2368683868387675e-09
trained_model_checkpoint_1070.pkl,21,Adults,ER,0.2011882717182436,0.0493494914746175,0.2358141726922012,0.0207252566013477
trained_model_checkpoint_1080.pkl,21,Kids_II,RT,0.576677548949402,7.800062047328051e-10,0.5606934523986717,2.832262107761877e-09
trained_model_checkpoint_1080.pkl,21,Kids_II,zRT,0.5630028120276616,2.360757805146198e-09,0.5586699389675052,3.318420071470411e-09
trained_model_checkpoint_1080.pkl,21,Kids_II,ER,0.2395938469963516,0.0187162844319352,0.2046783153169332,0.0454580879733186
trained_model_checkpoint_1080.pkl,21,Adults,RT,0.5415796583617465,1.2135598962251366e-08,0.5373616052247348,1.6529835045858483e-08
trained_model_checkpoint_1080.pkl,21,Adults,zRT,0.5714430427761518,1.1989520430445024e-09,0.5663134127783489,1.813927332185865e-09
trained_model_checkpoint_1080.pkl,21,Adults,ER,0.2148855970580252,0.0355105656624291,0.249184514891931,0.0143544674605744
trained_model_checkpoint_1090.pkl,21,Kids_II,RT,0.5806169192698658,5.615732325944016e-10,0.5629435666972238,2.371853269128601e-09
trained_model_checkpoint_1090.pkl,21,Kids_II,zRT,0.5666312612977845,1.76834479493041e-09,0.5609282555992623,2.780484184017269e-09
trained_model_checkpoint_1090.pkl,21,Kids_II,ER,0.2347622686289282,0.0213162370640468,0.206185207341537,0.0438583861157804
trained_model_checkpoint_1090.pkl,21,Adults,RT,0.5470110232136687,8.10040486793161e-09,0.5446828819925245,9.641387256017857e-09
trained_model_checkpoint_1090.pkl,21,Adults,zRT,0.5764903942991004,7.92191494898022e-10,0.5722991978918252,1.118119537015616e-09
trained_model_checkpoint_1090.pkl,21,Adults,ER,0.1998086452515275,0.050961775652703,0.249834633641955,0.0140937058600002
trained_model_checkpoint_1100.pkl,21,Kids_II,RT,0.5674380075421765,1.6575260968353955e-09,0.5631599246693989,2.3315740270475633e-09
trained_model_checkpoint_1100.pkl,21,Kids_II,zRT,0.5535474146567045,4.932322060276485e-09,0.561250546850826,2.710888153351542e-09
trained_model_checkpoint_1100.pkl,21,Kids_II,ER,0.2342224120907894,0.0216251063767097,0.2052671064504843,0.0448273668258688
trained_model_checkpoint_1100.pkl,21,Adults,RT,0.5237588049758592,4.352791268098587e-08,0.538198702199986,1.5551801245672098e-08
trained_model_checkpoint_1100.pkl,21,Adults,zRT,0.5532606177333124,5.04199411975027e-09,0.568576657450844,1.5123824744690055e-09
trained_model_checkpoint_1100.pkl,21,Adults,ER,0.1868866079360037,0.0682701190356306,0.2355427222720281,0.0208764012002819
trained_model_checkpoint_1110.pkl,21,Kids_II,RT,0.536567140028873,1.7512202148961166e-08,0.5641705082534254,2.151956280211316e-09
trained_model_checkpoint_1110.pkl,21,Kids_II,zRT,0.5244259532914984,4.1550183143013056e-08,0.5615933038027636,2.6387047203224353e-09
trained_model_checkpoint_1110.pkl,21,Kids_II,ER,0.2525923667684492,0.0130327843085696,0.2166839042749029,0.0339629508609306
trained_model_checkpoint_1110.pkl,21,Adults,RT,0.4936964572139384,3.201378298637521e-07,0.5411065738203606,1.2566244602915714e-08
trained_model_checkpoint_1110.pkl,21,Adults,zRT,0.5214175450813493,5.1203103043130416e-08,0.5682531273673307,1.552334168434377e-09
trained_model_checkpoint_1110.pkl,21,Adults,ER,0.1828442958651444,0.0745704568013974,0.2453756663452334,0.0159678888744484
trained_model_checkpoint_1120.pkl,21,Kids_II,RT,0.521319037047499,5.1552781916632385e-08,0.5583537491681602,3.4012615806336273e-09
trained_model_checkpoint_1120.pkl,21,Kids_II,zRT,0.5095691502152957,1.1433815632606628e-07,0.5558348846700525,4.135712036877583e-09
trained_model_checkpoint_1120.pkl,21,Kids_II,ER,0.2485240592223598,0.0146236523756608,0.2099250851218047,0.040089271209892
trained_model_checkpoint_1120.pkl,21,Adults,RT,0.4747691599051191,1.0229482549861603e-06,0.53448178335655,2.0363137727791896e-08
trained_model_checkpoint_1120.pkl,21,Adults,zRT,0.5019455986671014,1.8870303154368882e-07,0.5623364992025054,2.488461524364861e-09
trained_model_checkpoint_1120.pkl,21,Adults,ER,0.1911098512394574,0.0621549931414455,0.2591369262191902,0.0107889358232209
trained_model_checkpoint_1130.pkl,21,Kids_II,RT,0.5438011813503432,1.02951517884408e-08,0.5573087926533274,3.6893595536220275e-09
trained_model_checkpoint_1130.pkl,21,Kids_II,zRT,0.533744322552207,2.1473528688514843e-08,0.5574314398348094,3.654372599728403e-09
trained_model_checkpoint_1130.pkl,21,Kids_II,ER,0.2226904714721134,0.0291987360163621,0.1916439439483595,0.0614144480605927
trained_model_checkpoint_1130.pkl,21,Adults,RT,0.4936562309341566,3.209532024935286e-07,0.5283149989510286,3.16213316487778e-08
trained_model_checkpoint_1130.pkl,21,Adults,zRT,0.5242724203551714,4.1997584030716654e-08,0.5583063230627129,3.413856714462228e-09
trained_model_checkpoint_1130.pkl,21,Adults,ER,0.1859878387810998,0.069632343271106,0.2484267106348705,0.0146636971299105
trained_model_checkpoint_1140.pkl,21,Kids_II,RT,0.5320360399064237,2.42720321315008e-08,0.5583495010018664,3.402387965613458e-09
trained_model_checkpoint_1140.pkl,21,Kids_II,zRT,0.5197214285414031,5.75518380914144e-08,0.5553051188840126,4.308428564765869e-09
trained_model_checkpoint_1140.pkl,21,Kids_II,ER,0.2301690107486444,0.0240689777802721,0.2049190575142495,0.0451993179896437
trained_model_checkpoint_1140.pkl,21,Adults,RT,0.4887148158815509,4.375995063390378e-07,0.5329632823739564,2.2712486671140085e-08
trained_model_checkpoint_1140.pkl,21,Adults,zRT,0.5152262649582766,7.821014265090896e-08,0.5626132727314412,2.434632242197597e-09
trained_model_checkpoint_1140.pkl,21,Adults,ER,0.1766382704893156,0.0851441415110534,0.2435269207189091,0.0168060194924558
trained_model_checkpoint_1150.pkl,21,Kids_II,RT,0.5251567566220592,3.948219087897607e-08,0.5605213423980734,2.8708004008920363e-09
trained_model_checkpoint_1150.pkl,21,Kids_II,zRT,0.514625396976296,8.145601666671918e-08,0.5577541443592136,3.563827355980365e-09
trained_model_checkpoint_1150.pkl,21,Kids_II,ER,0.2413961096970813,0.0178189105912541,0.2150048490438164,0.0354061367008928
trained_model_checkpoint_1150.pkl,21,Adults,RT,0.476701500294263,9.114281598217808e-07,0.5351335284380001,1.94276433772068e-08
trained_model_checkpoint_1150.pkl,21,Adults,zRT,0.5042049177357381,1.628718658082977e-07,0.5633049143898261,2.3049490102510563e-09
trained_model_checkpoint_1150.pkl,21,Adults,ER,0.1838609013461234,0.0729436054857296,0.2494240932438525,0.0142578898390376
trained_model_checkpoint_1160.pkl,21,Kids_II,RT,0.5143930055421296,8.274547474385654e-08,0.5594738570454809,3.116405043470117e-09
trained_model_checkpoint_1160.pkl,21,Kids_II,zRT,0.5047358233333268,1.5730981118950578e-07,0.5583049316395592,3.414226913629475e-09
trained_model_checkpoint_1160.pkl,21,Kids_II,ER,0.2321013278881697,0.0228760396592886,0.2048595033907542,0.0452632177588369
trained_model_checkpoint_1160.pkl,21,Adults,RT,0.4739405840719558,1.0746223929990148e-06,0.5393160245209838,1.433221239839834e-08
trained_model_checkpoint_1160.pkl,21,Adults,zRT,0.4992151168982041,2.2512926534896642e-07,0.5667980330154523,1.744869333045543e-09
trained_model_checkpoint_1160.pkl,21,Adults,ER,0.1754024636850786,0.0873856748752373,0.2382319522593808,0.0194199451978944
trained_model_checkpoint_1170.pkl,21,Kids_II,RT,0.5144825882976258,8.22461255291504e-08,0.5583482432910647,3.402721511328234e-09
trained_model_checkpoint_1170.pkl,21,Kids_II,zRT,0.5045703969436002,1.5902323049432445e-07,0.5564100452411485,3.9557053819569686e-09
trained_model_checkpoint_1170.pkl,21,Kids_II,ER,0.2297576286964063,0.024329689088634,0.2107432824984945,0.0393017757169591
trained_model_checkpoint_1170.pkl,21,Adults,RT,0.4634725969969183,1.980933729747685e-06,0.534304773811091,2.062454696058176e-08
trained_model_checkpoint_1170.pkl,21,Adults,zRT,0.4886531430914096,4.3928245505597174e-07,0.5614231904082314,2.674296776316432e-09
trained_model_checkpoint_1170.pkl,21,Adults,ER,0.1902602994375291,0.0633479011477381,0.2453836549649175,0.0159643471613473
trained_model_checkpoint_1180.pkl,21,Kids_II,RT,0.5151238145954214,7.87547217939393e-08,0.5573423740204081,3.6797482084554093e-09
trained_model_checkpoint_1180.pkl,21,Kids_II,zRT,0.5075022517079242,1.3113190916256706e-07,0.5563943182473728,3.9605260963377134e-09
trained_model_checkpoint_1180.pkl,21,Kids_II,ER,0.2034565457992374,0.046790356396469,0.1979217217722565,0.0532369456200365
trained_model_checkpoint_1180.pkl,21,Adults,RT,0.4641058097391616,1.910079291585157e-06,0.531565064467363,2.5102816773715348e-08
trained_model_checkpoint_1180.pkl,21,Adults,zRT,0.488581376217835,4.412485869530467e-07,0.558576481104273,3.342702643578804e-09
trained_model_checkpoint_1180.pkl,21,Adults,ER,0.168702666929073,0.1003645866865398,0.2317614611836437,0.0230821212128344
trained_model_checkpoint_1190.pkl,21,Kids_II,RT,0.508807485539603,1.202733589153347e-07,0.5577081401783004,3.576602745033678e-09
trained_model_checkpoint_1190.pkl,21,Kids_II,zRT,0.5010177125124934,2.004021647027437e-07,0.55667001896996,3.876826311521279e-09
trained_model_checkpoint_1190.pkl,21,Kids_II,ER,0.2060544976017596,0.0439952679329419,0.1984980492617783,0.0525333465585898
trained_model_checkpoint_1190.pkl,21,Adults,RT,0.4460152583387093,5.2571265650426826e-06,0.5299649639491106,2.813286641796056e-08
trained_model_checkpoint_1190.pkl,21,Adults,zRT,0.4713861175618809,1.2499310143062356e-06,0.5572013408482445,3.720275176525783e-09
trained_model_checkpoint_1190.pkl,21,Adults,ER,0.1726409212227658,0.0925639307571046,0.2337111033753079,0.0219211690332761
trained_model_checkpoint_1200.pkl,21,Kids_II,RT,0.5075072372453758,1.3108871202828622e-07,0.5580788297571788,3.4748965001810283e-09
trained_model_checkpoint_1200.pkl,21,Kids_II,zRT,0.4987380451904381,2.3214348541106806e-07,0.5548809280581233,4.4516817395483035e-09
trained_model_checkpoint_1200.pkl,21,Kids_II,ER,0.195190126563883,0.0566778865362333,0.190423659047557,0.063117083557995
trained_model_checkpoint_1200.pkl,21,Adults,RT,0.4394908960048536,7.468981480119928e-06,0.5289051331829301,3.0328714384036005e-08
trained_model_checkpoint_1200.pkl,21,Adults,zRT,0.4643510133312044,1.883290677428902e-06,0.5554697999822461,4.254012249083328e-09
trained_model_checkpoint_1200.pkl,21,Adults,ER,0.1623040695233001,0.1141270077250588,0.2300232324897155,0.0241610900501714
trained_model_checkpoint_1210.pkl,21,Kids_II,RT,0.4985365904927478,2.3516734876850775e-07,0.5555186765496585,4.237988772015677e-09
trained_model_checkpoint_1210.pkl,21,Kids_II,zRT,0.4924028150340606,3.473705714386521e-07,0.553138828552898,5.089269279455344e-09
trained_model_checkpoint_1210.pkl,21,Kids_II,ER,0.1965400591764497,0.0549553040668388,0.1930405781126119,0.0595118741417462
trained_model_checkpoint_1210.pkl,21,Adults,RT,0.438763059563609,7.763921554679538e-06,0.5301009185636392,2.786241980007092e-08
trained_model_checkpoint_1210.pkl,21,Adults,zRT,0.4595153239038399,2.483216197392383e-06,0.5555104983778483,4.240665836566159e-09
trained_model_checkpoint_1210.pkl,21,Adults,ER,0.1566539161555603,0.1274563818848636,0.2272221507361156,0.0259902739685534
trained_model_checkpoint_1220.pkl,21,Kids_II,RT,0.4941245020131192,3.1158248051570377e-07,0.5531579007391965,5.081838077328173e-09
trained_model_checkpoint_1220.pkl,21,Kids_II,zRT,0.4885334105198536,4.42567312351344e-07,0.551816733463118,5.630537925299859e-09
trained_model_checkpoint_1220.pkl,21,Kids_II,ER,0.2042173548139695,0.0459569954364655,0.2008340386689468,0.0497593891768366
trained_model_checkpoint_1220.pkl,21,Adults,RT,0.4285534735645105,1.3242909890481212e-05,0.5263100216698927,3.6417155578651115e-08
trained_model_checkpoint_1220.pkl,21,Adults,zRT,0.4560108510397231,3.026291424305667e-06,0.5549243161759828,4.436822430342729e-09
trained_model_checkpoint_1220.pkl,21,Adults,ER,0.1486235177867511,0.1484098438468799,0.2230509865595085,0.0289317620966412
trained_model_checkpoint_1230.pkl,21,Kids_II,RT,0.4841385524668463,5.806208283457389e-07,0.5537330680456242,4.8625489859749455e-09
trained_model_checkpoint_1230.pkl,21,Kids_II,zRT,0.4790691518735041,7.90456947049371e-07,0.5524328028368096,5.371798495924263e-09
trained_model_checkpoint_1230.pkl,21,Kids_II,ER,0.1881118107182011,0.0664479425651804,0.1902562093067784,0.0633536890583342
trained_model_checkpoint_1230.pkl,21,Adults,RT,0.4141088706795087,2.7386598854195072e-05,0.5255851884938012,3.831587991261506e-08
trained_model_checkpoint_1230.pkl,21,Adults,zRT,0.4417584710956662,6.616232460056998e-06,0.5544200006087715,4.612507139356385e-09
trained_model_checkpoint_1230.pkl,21,Adults,ER,0.1525133720375938,0.1379580844499672,0.2287357002409048,0.0249877734239412
trained_model_checkpoint_1240.pkl,21,Kids_II,RT,0.4791563070203498,7.863082348731538e-07,0.5567115150611631,3.8643761172295955e-09
trained_model_checkpoint_1240.pkl,21,Kids_II,zRT,0.4741986130729284,1.0582712061036722e-06,0.55631062648229,3.9862744543019355e-09
trained_model_checkpoint_1240.pkl,21,Kids_II,ER,0.1864370608865211,0.0689487579077767,0.1881800527212097,0.0663476202468036
trained_model_checkpoint_1240.pkl,21,Adults,RT,0.4070880215691608,3.852734850404066e-05,0.5271521184189507,3.4323956507526124e-08
trained_model_checkpoint_1240.pkl,21,Adults,zRT,0.4323215837937839,1.0895930991905004e-05,0.5554679423266997,4.254622397206257e-09
trained_model_checkpoint_1240.pkl,21,Adults,ER,0.1649421300592511,0.1082856738977533,0.2349069098183502,0.0212341281263904
trained_model_checkpoint_1250.pkl,21,Kids_II,RT,0.4756101312678536,9.729125416214872e-07,0.5592316529789234,3.175994018364341e-09
trained_model_checkpoint_1250.pkl,21,Kids_II,zRT,0.4707705294816408,1.2960530667417446e-06,0.5596567377027197,3.0721223237059717e-09
trained_model_checkpoint_1250.pkl,21,Kids_II,ER,0.2021142751291141,0.0482911256909593,0.1910615922137952,0.0622222631436141
trained_model_checkpoint_1250.pkl,21,Adults,RT,0.4150100105831019,2.6198221288856924e-05,0.5299989035117018,2.8065118712754844e-08
trained_model_checkpoint_1250.pkl,21,Adults,zRT,0.443307940622055,6.087181137756373e-06,0.5597711835898956,3.044717648547143e-09
trained_model_checkpoint_1250.pkl,21,Adults,ER,0.1469577431356576,0.1530633797156174,0.2257069557532101,0.0270279295302826
trained_model_checkpoint_1260.pkl,21,Kids_II,RT,0.4759174842682546,9.552110874495933e-07,0.5588455028240317,3.273260381714775e-09
trained_model_checkpoint_1260.pkl,21,Kids_II,zRT,0.4718069556716955,1.2192989410694186e-06,0.5596798203394446,3.0665761151560713e-09
trained_model_checkpoint_1260.pkl,21,Kids_II,ER,0.2062462689675535,0.0437945625314662,0.1885877670930927,0.0657507958410251
trained_model_checkpoint_1260.pkl,21,Adults,RT,0.4147269034672635,2.6566268103179573e-05,0.5297180060359346,2.863054706891533e-08
trained_model_checkpoint_1260.pkl,21,Adults,zRT,0.4404698834745673,7.088863635736837e-06,0.5592381228312848,3.1743881642914237e-09
trained_model_checkpoint_1260.pkl,21,Adults,ER,0.1678501033318335,0.1021193186517986,0.232349587266793,0.0227265008952834
trained_model_checkpoint_1270.pkl,21,Kids_II,RT,0.4931071586346015,3.322817783030715e-07,0.560350842918524,2.9094730057359686e-09
trained_model_checkpoint_1270.pkl,21,Kids_II,zRT,0.487700417209465,4.66074027955065e-07,0.5606451019018812,2.8430382451469892e-09
trained_model_checkpoint_1270.pkl,21,Kids_II,ER,0.2265490826644166,0.0264469530788236,0.1876708618556791,0.0670991471653198
trained_model_checkpoint_1270.pkl,21,Adults,RT,0.4344293404812012,9.759624104786188e-06,0.5329684097450105,2.270413496389411e-08
trained_model_checkpoint_1270.pkl,21,Adults,zRT,0.4596252618351625,2.467768929692178e-06,0.5614870095487087,2.660890618495605e-09
trained_model_checkpoint_1270.pkl,21,Adults,ER,0.1458869516520393,0.1561118996386729,0.2173129219290573,0.0334351910918344
trained_model_checkpoint_1280.pkl,21,Kids_II,RT,0.4744518872306866,1.042450617150064e-06,0.5558803533918177,4.121201047946773e-09
trained_model_checkpoint_1280.pkl,21,Kids_II,zRT,0.47515125229101,9.999199814491895e-07,0.5580632580623027,3.479112608517826e-09
trained_model_checkpoint_1280.pkl,21,Kids_II,ER,0.2587471208246392,0.0109124345473462,0.2042046488619087,0.0459708113678457
trained_model_checkpoint_1280.pkl,21,Adults,RT,0.4578498001820039,2.7287003097446766e-06,0.5393491427411786,1.4297496045373361e-08
trained_model_checkpoint_1280.pkl,21,Adults,zRT,0.4857192956450413,5.268303406919922e-07,0.5694519704442713,1.4091728162098722e-09
trained_model_checkpoint_1280.pkl,21,Adults,ER,0.1771905589667187,0.0841572933346811,0.2367291896872391,0.0202226663893907
trained_model_checkpoint_1290.pkl,21,Kids_II,RT,0.4248242818786107,1.602650324046284e-05,0.4697096675029017,1.3793376901599903e-06
trained_model_checkpoint_1290.pkl,21,Kids_II,zRT,0.4251049700485373,1.579924807326192e-05,0.4694356395114322,1.4016594460346489e-06
trained_model_checkpoint_1290.pkl,21,Kids_II,ER,0.2947633843672277,0.0035533206826926,0.2262466549566103,0.0266543619001315
trained_model_checkpoint_1290.pkl,21,Adults,RT,0.4167702169343424,2.401482489103744e-05,0.4610606590221461,2.274230769290349e-06
trained_model_checkpoint_1290.pkl,21,Adults,zRT,0.4417349185672905,6.62459847884679e-06,0.4859030091238017,5.20894800759935e-07
trained_model_checkpoint_1290.pkl,21,Adults,ER,0.1769930053402796,0.0845092373225945,0.2352587447192967,0.0210355316389435
trained_model_checkpoint_1300.pkl,21,Kids_II,RT,0.4832953991696315,6.114020850513695e-07,0.5396023992987716,1.4034662477829913e-08
trained_model_checkpoint_1300.pkl,21,Kids_II,zRT,0.4804307346753926,7.27951419282939e-07,0.5396271994825799,1.4009174124760628e-08
trained_model_checkpoint_1300.pkl,21,Kids_II,ER,0.2481931543398026,0.014760159507898,0.1736608904103015,0.0906238249037703
trained_model_checkpoint_1300.pkl,21,Adults,RT,0.4530277819979847,3.5750471116189392e-06,0.5253505603369938,3.895046935887522e-08
trained_model_checkpoint_1300.pkl,21,Adults,zRT,0.478578718905833,8.141917130591206e-07,0.5545899770468593,4.552562714370671e-09
trained_model_checkpoint_1300.pkl,21,Adults,ER,0.1699238144092014,0.0978925410907147,0.2178610344559641,0.0329809572411591
trained_model_checkpoint_1310.pkl,21,Kids_II,RT,0.4256091062642863,1.539865132711126e-05,0.4679044659357905,1.5328092549353472e-06
trained_model_checkpoint_1310.pkl,21,Kids_II,zRT,0.4246499377301937,1.616919795697682e-05,0.4674158779101004,1.5770446251214176e-06
trained_model_checkpoint_1310.pkl,21,Kids_II,ER,0.3005389161156026,0.0029279879888653,0.2161135130688927,0.0344475627173377
trained_model_checkpoint_1310.pkl,21,Adults,RT,0.4115357319060598,3.106340598838015e-05,0.4578241235110282,2.732658306522067e-06
trained_model_checkpoint_1310.pkl,21,Adults,zRT,0.4311591447494428,1.157463899947046e-05,0.481499213457621,6.822124651994322e-07
trained_model_checkpoint_1310.pkl,21,Adults,ER,0.1695085566391977,0.0987277449813666,0.2205522308988305,0.0308254121182624
trained_model_checkpoint_1320.pkl,21,Kids_II,RT,0.4176122367001523,2.3031707043894343e-05,0.4430955307345929,6.157273672798775e-06
trained_model_checkpoint_1320.pkl,21,Kids_II,zRT,0.4146261355618794,2.6698432287116704e-05,0.4354052879971363,9.272092404298504e-06
trained_model_checkpoint_1320.pkl,21,Kids_II,ER,0.2747776949803139,0.0067414283334111,0.1760660590871743,0.0861762770678586
trained_model_checkpoint_1320.pkl,21,Adults,RT,0.4032709978639465,4.623590700461352e-05,0.4290458770458366,1.2911298155588718e-05
trained_model_checkpoint_1320.pkl,21,Adults,zRT,0.4212196370326531,1.9231019731843806e-05,0.4416039273232628,6.671309416072384e-06
trained_model_checkpoint_1320.pkl,21,Adults,ER,0.1599070463909157,0.1196435873714252,0.1692939354079289,0.0991615992257258
trained_model_checkpoint_1330.pkl,21,Kids_II,RT,0.4092843598399329,3.465396921920687e-05,0.4406772740113169,7.010710389266604e-06
trained_model_checkpoint_1330.pkl,21,Kids_II,zRT,0.4021709261199956,4.871129475135404e-05,0.4318029329429947,1.1193999325361747e-05
trained_model_checkpoint_1330.pkl,21,Kids_II,ER,0.2625529614011704,0.0097579323142643,0.1463322731111667,0.1548386200347727
trained_model_checkpoint_1330.pkl,21,Adults,RT,0.3674962269258494,0.0002302263056776,0.4067860021399637,3.909054354539725e-05
trained_model_checkpoint_1330.pkl,21,Adults,zRT,0.3808472672880362,0.0001292119608552,0.4183553118149236,2.2195538043809406e-05
trained_model_checkpoint_1330.pkl,21,Adults,ER,0.1841226723611995,0.0725293589447597,0.1872059152552431,0.0677913807152591
trained_model_checkpoint_1340.pkl,21,Kids_II,RT,0.4290160219642933,1.2931180179244068e-05,0.4401108209494054,7.226114597737066e-06
trained_model_checkpoint_1340.pkl,21,Kids_II,zRT,0.4205904752023752,1.984847906954869e-05,0.4304533849173569,1.2005869248501237e-05
trained_model_checkpoint_1340.pkl,21,Kids_II,ER,0.2323203119004704,0.0227440913025533,0.1521532625985778,0.1389015638468462
trained_model_checkpoint_1340.pkl,21,Adults,RT,0.3789965108501132,0.0001401927703248,0.4134723932276719,2.825613492029088e-05
trained_model_checkpoint_1340.pkl,21,Adults,zRT,0.3904156988562298,8.409407796356931e-05,0.4259286972949344,1.514965300525438e-05
trained_model_checkpoint_1340.pkl,21,Adults,ER,0.1751291832747347,0.0878876269614345,0.1644976613356803,0.1092531889257733
trained_model_checkpoint_1350.pkl,21,Kids_II,RT,0.4157757899956805,2.5226449839574623e-05,0.4413734734987941,6.754241517223121e-06
trained_model_checkpoint_1350.pkl,21,Kids_II,zRT,0.4079760734675203,3.691492500306258e-05,0.4313016361165729,1.1489358205724508e-05
trained_model_checkpoint_1350.pkl,21,Kids_II,ER,0.2698964332035077,0.0078294535833429,0.1736634060822487,0.090619079892415
trained_model_checkpoint_1350.pkl,21,Adults,RT,0.3704286847405177,0.0002032272203789,0.4151795468197432,2.5980109185269128e-05
trained_model_checkpoint_1350.pkl,21,Adults,zRT,0.3854951871067931,0.0001050526655139,0.428075430885888,1.3572483645013956e-05
trained_model_checkpoint_1350.pkl,21,Adults,ER,0.2206391436020661,0.0307578309772834,0.2272852297404109,0.0259478205171059
trained_model_checkpoint_1360.pkl,21,Kids_II,RT,0.3890388044992869,8.952869803795891e-05,0.4129355988321646,2.9009489253359603e-05
trained_model_checkpoint_1360.pkl,21,Kids_II,zRT,0.383044203496767,0.000117213899112,0.4036309690007336,4.545172561304674e-05
trained_model_checkpoint_1360.pkl,21,Kids_II,ER,0.2577625152852473,0.0112298982650231,0.1395773926945262,0.1750010320348813
trained_model_checkpoint_1360.pkl,21,Adults,RT,0.3246593614053915,0.0012499920667132,0.3743246126040159,0.0001718736864346
trained_model_checkpoint_1360.pkl,21,Adults,zRT,0.3439046338000687,0.0006020402166448,0.3870873556037192,9.779187964750412e-05
trained_model_checkpoint_1360.pkl,21,Adults,ER,0.1709113374471127,0.0959286545787585,0.1642861617240288,0.1097159343751086
trained_model_checkpoint_1370.pkl,21,Kids_II,RT,0.4088668121079968,3.536111236639805e-05,0.4391739218238035,7.596108756729254e-06
trained_model_checkpoint_1370.pkl,21,Kids_II,zRT,0.3997509862338795,5.459804517018641e-05,0.4288205444248926,1.3062070405600273e-05
trained_model_checkpoint_1370.pkl,21,Kids_II,ER,0.2519641991979895,0.0132681303423648,0.1534424915299708,0.1355462617133514
trained_model_checkpoint_1370.pkl,21,Adults,RT,0.357096860078356,0.000354942058584,0.4061793427972741,4.024512474647794e-05
trained_model_checkpoint_1370.pkl,21,Adults,zRT,0.3680860892160386,0.0002245429503706,0.415688102566274,2.5335989790565224e-05
trained_model_checkpoint_1370.pkl,21,Adults,ER,0.2083768672944432,0.0416154424793056,0.1959228559212541,0.0557374813480013
trained_model_checkpoint_1380.pkl,21,Kids_II,RT,0.3800389084895651,0.0001339061225251,0.3956238292210731,6.619135400622675e-05
trained_model_checkpoint_1380.pkl,21,Kids_II,zRT,0.3761276704900532,0.0001589345347122,0.3914666275872067,8.015419161364392e-05
trained_model_checkpoint_1380.pkl,21,Kids_II,ER,0.1768868009161575,0.0846989253857359,0.0824060115545403,0.4247585623848444
trained_model_checkpoint_1380.pkl,21,Adults,RT,0.3261989910444564,0.0011810513907243,0.356321989811503,0.0003663634037371
trained_model_checkpoint_1380.pkl,21,Adults,zRT,0.3274228121790394,0.0011287377399537,0.357069136648926,0.0003553449765886
trained_model_checkpoint_1380.pkl,21,Adults,ER,0.179973622815209,0.0793222259029932,0.1295074384967905,0.2085400124935226
trained_model_checkpoint_1390.pkl,21,Kids_II,RT,0.3733596447471298,0.0001791924443029,0.3859912726747732,0.0001027383761886
trained_model_checkpoint_1390.pkl,21,Kids_II,zRT,0.3774585817691366,0.0001499687497198,0.392719023417827,7.568334985618095e-05
trained_model_checkpoint_1390.pkl,21,Kids_II,ER,0.1368042333736734,0.1838143327937109,0.0357998851617275,0.7291308089394183
trained_model_checkpoint_1390.pkl,21,Adults,RT,0.2968358554728988,0.0033163656178064,0.3403226366439127,0.0006921945440373
trained_model_checkpoint_1390.pkl,21,Adults,zRT,0.3063103855157036,0.0024036432269332,0.3451267779582559,0.0005738305080286
trained_model_checkpoint_1390.pkl,21,Adults,ER,0.114704311798358,0.2657841829269783,0.0786084661146286,0.4464824605459437
trained_model_checkpoint_1400.pkl,21,Kids_II,RT,0.3767480419181935,0.0001546953415596,0.3981760190066893,5.877857956790122e-05
trained_model_checkpoint_1400.pkl,21,Kids_II,zRT,0.3727172406456974,0.0001842234420415,0.3910282434000263,8.177633009300711e-05
trained_model_checkpoint_1400.pkl,21,Kids_II,ER,0.1609716719148285,0.1171685801147963,0.0964460491718638,0.349903114326529
trained_model_checkpoint_1400.pkl,21,Adults,RT,0.3020429293284281,0.0027822778265433,0.3420386392762173,0.0006475679135654
trained_model_checkpoint_1400.pkl,21,Adults,zRT,0.3079250577033884,0.0022729404971747,0.344274760333493,0.0005933656760626
trained_model_checkpoint_1400.pkl,21,Adults,ER,0.1789314651514604,0.0811060752194283,0.1422833398710781,0.1667043612506495
trained_model_checkpoint_1410.pkl,21,Kids_II,RT,0.3394271643443753,0.0007165827722257,0.3560811630001746,0.0003699813841967
trained_model_checkpoint_1410.pkl,21,Kids_II,zRT,0.344572507324816,0.0005864707143489,0.3643459845380891,0.0002628933055184
trained_model_checkpoint_1410.pkl,21,Kids_II,ER,0.1165630838652707,0.2580635726376198,-0.0020686159537671,0.9840411958043448
trained_model_checkpoint_1410.pkl,21,Adults,RT,0.2552467828245224,0.0120779494318692,0.2891973294433477,0.004266450937345
trained_model_checkpoint_1410.pkl,21,Adults,zRT,0.2691244380776847,0.0080150131718202,0.3065432511895881,0.0023843850705413
trained_model_checkpoint_1410.pkl,21,Adults,ER,0.116637244406146,0.257758746688119,0.1145925173728141,0.2662534693988179
trained_model_checkpoint_1420.pkl,21,Kids_II,RT,0.2938742965081037,0.0036595379457734,0.3112902400605749,0.0020209143110942
trained_model_checkpoint_1420.pkl,21,Kids_II,zRT,0.2971017467944414,0.0032870131921279,0.3178630540302884,0.0016001195563306
trained_model_checkpoint_1420.pkl,21,Kids_II,ER,0.0852573727094833,0.4088546733277123,-0.0014404644140064,0.9888868369047464
trained_model_checkpoint_1420.pkl,21,Adults,RT,0.2007200789012636,0.0498918524470106,0.2268063433286508,0.0262716018248534
trained_model_checkpoint_1420.pkl,21,Adults,zRT,0.2168671205272843,0.0338085100023452,0.2441789324405199,0.0165061915743873
trained_model_checkpoint_1420.pkl,21,Adults,ER,0.0950807803083783,0.3567978034016341,0.087748625530151,0.3952491900595053
trained_model_checkpoint_1430.pkl,21,Kids_II,RT,0.2988805638084107,0.003096561975753,0.3076130603957363,0.0022976848629641
trained_model_checkpoint_1430.pkl,21,Kids_II,zRT,0.3008282976272382,0.0028994312738245,0.3116269911956806,0.0019971375199212
trained_model_checkpoint_1430.pkl,21,Kids_II,ER,0.1338621336551446,0.1935134906211481,0.0762090149080441,0.4605231578520616
trained_model_checkpoint_1430.pkl,21,Adults,RT,0.2681670258486542,0.0082505144700111,0.2752030571598219,0.0066532745183164
trained_model_checkpoint_1430.pkl,21,Adults,zRT,0.2796842748992295,0.005784713777327,0.2963342465777108,0.0033723797359744
trained_model_checkpoint_1430.pkl,21,Adults,ER,0.1299451400791627,0.2069930996433609,0.14035109010992,0.1725984576482398
trained_model_checkpoint_1440.pkl,21,Kids_II,RT,0.285609967031293,0.0047912261020695,0.2649051211567416,0.009099232158693
trained_model_checkpoint_1440.pkl,21,Kids_II,zRT,0.2872930244989183,0.0045382600396346,0.2722603120039648,0.0072845979941905
trained_model_checkpoint_1440.pkl,21,Kids_II,ER,0.1688561419242425,0.1000512339008714,0.0680348218941662,0.510130828365779
trained_model_checkpoint_1440.pkl,21,Adults,RT,0.2236783334461297,0.0284721187883389,0.2236119918343891,0.0285204313457078
trained_model_checkpoint_1440.pkl,21,Adults,zRT,0.2388480633882373,0.0190988461848548,0.2447315591223964,0.0162556964190394
trained_model_checkpoint_1440.pkl,21,Adults,ER,0.1017245810783421,0.3240358586167914,0.0888935757063801,0.3890876859635295
trained_model_checkpoint_1450.pkl,21,Kids_II,RT,0.2498198040742876,0.0140996078216984,0.2395870933176625,0.018719719024596
trained_model_checkpoint_1450.pkl,21,Kids_II,zRT,0.2566545005138423,0.0115967756673094,0.2480670071992598,0.0148124887304719
trained_model_checkpoint_1450.pkl,21,Kids_II,ER,0.143094935576282,0.1642735834906519,0.0556385127889136,0.5902870543746197
trained_model_checkpoint_1450.pkl,21,Adults,RT,0.222627063964187,0.0292459065021415,0.2149740842240014,0.0354330527440695
trained_model_checkpoint_1450.pkl,21,Adults,zRT,0.2327410757751726,0.0224923864334371,0.2281781841120596,0.0253531439261788
trained_model_checkpoint_1450.pkl,21,Adults,ER,0.1425587414473486,0.165876552951344,0.1338700722862642,0.1934868313821371
trained_model_checkpoint_1460.pkl,21,Kids_II,RT,0.2784026762603296,0.0060222130049662,0.2842875649640585,0.0049987132687447
trained_model_checkpoint_1460.pkl,21,Kids_II,zRT,0.2801906796328663,0.0056931840597839,0.2917619098864467,0.0039233754733544
trained_model_checkpoint_1460.pkl,21,Kids_II,ER,0.1707133096177394,0.0963199646390576,0.0311709191218278,0.7630455127653724
trained_model_checkpoint_1460.pkl,21,Adults,RT,0.2181459193833584,0.0327469264259476,0.2268321043774557,0.0262540974324344
trained_model_checkpoint_1460.pkl,21,Adults,zRT,0.2303586874067624,0.0239495762614133,0.2478629710827405,0.0148974689010673
trained_model_checkpoint_1460.pkl,21,Adults,ER,0.1338503499931589,0.1935530670047092,0.1075891073520806,0.2967737540599088
trained_model_checkpoint_1470.pkl,21,Kids_II,RT,0.2166942635245641,0.0339542028033654,0.1927360295072653,0.0599225917880198
trained_model_checkpoint_1470.pkl,21,Kids_II,zRT,0.2329439219611072,0.0223718955374297,0.2141133913815102,0.0361930623896668
trained_model_checkpoint_1470.pkl,21,Kids_II,ER,0.1425318914522526,0.1659571251659967,0.0340040357504153,0.7422305793332726
trained_model_checkpoint_1470.pkl,21,Adults,RT,0.23594250348907,0.0206541289205051,0.2231456807032111,0.028861981638965
trained_model_checkpoint_1470.pkl,21,Adults,zRT,0.2493142989872269,0.0143020793127016,0.2380673624352999,0.0195065060211528
trained_model_checkpoint_1470.pkl,21,Adults,ER,0.0798840185597224,0.4391171308444711,0.0773337597886421,0.4539115197158696
trained_model_checkpoint_1480.pkl,21,Kids_II,RT,0.2177974784557563,0.0330333597645888,0.2143014747582466,0.0360258237780772
trained_model_checkpoint_1480.pkl,21,Kids_II,zRT,0.2353543712708331,0.020981830348756,0.2453596595058186,0.0159749874691737
trained_model_checkpoint_1480.pkl,21,Kids_II,ER,0.1641252960076909,0.110068916041172,0.0654517068177286,0.5263599124604192
trained_model_checkpoint_1480.pkl,21,Adults,RT,0.245874747725049,0.0157479246532117,0.2469125687431972,0.0152988998996919
trained_model_checkpoint_1480.pkl,21,Adults,zRT,0.2574499840070534,0.0113323400484501,0.259335842642226,0.0107263872082198
trained_model_checkpoint_1480.pkl,21,Adults,ER,0.0706561804780973,0.4939288075669361,0.0626035183541034,0.544550309196848
trained_model_checkpoint_1490.pkl,21,Kids_II,RT,0.2038931498803382,0.0463106006494335,0.2155645605801928,0.0349194360096529
trained_model_checkpoint_1490.pkl,21,Kids_II,zRT,0.1976970988669464,0.0535132617882575,0.2057661714629113,0.0442984637653135
trained_model_checkpoint_1490.pkl,21,Kids_II,ER,0.1520094526319388,0.1392797061912372,0.0421580785688389,0.6833958442259713
trained_model_checkpoint_1490.pkl,21,Adults,RT,0.1390548862399831,0.1766374144282197,0.1648868706295218,0.1084055976194867
trained_model_checkpoint_1490.pkl,21,Adults,zRT,0.1441977101172065,0.1610129410405215,0.1790049796802285,0.0809791998842883
trained_model_checkpoint_1490.pkl,21,Adults,ER,0.1178878851254693,0.252655170027644,0.1163318986099316,0.2590154035037825
trained_model_checkpoint_1500.pkl,21,Kids_II,RT,0.1967279604115593,0.0547189740759262,0.1694700346870901,0.0988055066539775
trained_model_checkpoint_1500.pkl,21,Kids_II,zRT,0.1941583025920303,0.0580241487056626,0.1652502599252764,0.1076188650873972
trained_model_checkpoint_1500.pkl,21,Kids_II,ER,0.2031668646210851,0.0471109333114017,0.0320360139507514,0.7566709789969094
trained_model_checkpoint_1500.pkl,21,Adults,RT,0.1430225127688665,0.1644894206115186,0.1397861018798493,0.1743505187511383
trained_model_checkpoint_1500.pkl,21,Adults,zRT,0.1403854858641302,0.1724922143433754,0.1413867060998476,0.169420650060893
trained_model_checkpoint_1500.pkl,21,Adults,ER,0.1459878843331357,0.1558226264405653,0.1594146722756128,0.1208017830802667
trained_model_checkpoint_1510.pkl,21,Kids_II,RT,0.2040523606845908,0.0461366713116583,0.1917143841851068,0.0613173180796874
trained_model_checkpoint_1510.pkl,21,Kids_II,zRT,0.2031298480259512,0.0471520285562306,0.2135775818910724,0.0366730629553754
trained_model_checkpoint_1510.pkl,21,Kids_II,ER,0.3582230704864164,0.0003389253170059,0.1931311212973563,0.0593902107316485
trained_model_checkpoint_1510.pkl,21,Adults,RT,0.2314297313602633,0.0232847966030382,0.2388887390918856,0.0190778088482837
trained_model_checkpoint_1510.pkl,21,Adults,zRT,0.2305369154132623,0.0238378426258846,0.244413310555221,0.0163995479686063
trained_model_checkpoint_1510.pkl,21,Adults,ER,0.18204915991066,0.0758631168113189,0.1642288597781328,0.1098415688295287
trained_model_checkpoint_1520.pkl,21,Kids_II,RT,0.2040523606845908,0.0461366713116583,0.1917143841851068,0.0613173180796874
trained_model_checkpoint_1520.pkl,21,Kids_II,zRT,0.2031298480259512,0.0471520285562306,0.2135775818910724,0.0366730629553754
trained_model_checkpoint_1520.pkl,21,Kids_II,ER,0.3582230704864164,0.0003389253170059,0.1931311212973563,0.0593902107316485
trained_model_checkpoint_1520.pkl,21,Adults,RT,0.2314297313602633,0.0232847966030382,0.2388887390918856,0.0190778088482837
trained_model_checkpoint_1520.pkl,21,Adults,zRT,0.2305369154132623,0.0238378426258846,0.244413310555221,0.0163995479686063
trained_model_checkpoint_1520.pkl,21,Adults,ER,0.18204915991066,0.0758631168113189,0.1642288597781328,0.1098415688295287
trained_model_checkpoint_1530.pkl,21,Kids_II,RT,0.1972095788799384,0.0541170317457672,0.196352388510267,0.0551921792106498
trained_model_checkpoint_1530.pkl,21,Kids_II,zRT,0.1843444551390486,0.0721798775113247,0.1876891213114986,0.0670720789280353
trained_model_checkpoint_1530.pkl,21,Kids_II,ER,0.3438086307199332,0.0006043090976535,0.1452146959341787,0.1580488196408966
trained_model_checkpoint_1530.pkl,21,Adults,RT,0.1983357212220987,0.0527307436298767,0.1936296473906541,0.0587239703520199
trained_model_checkpoint_1530.pkl,21,Adults,zRT,0.1871894611982831,0.0678159837511522,0.1872840854424653,0.0676745948972597
trained_model_checkpoint_1530.pkl,21,Adults,ER,0.2151920175976404,0.0352427531699646,0.2356292518489164,0.0208281189109605
trained_model_checkpoint_1540.pkl,21,Kids_II,RT,0.1729699580569856,0.0919345096167659,0.1953172968449596,0.0565137472629925
trained_model_checkpoint_1540.pkl,21,Kids_II,zRT,0.166772604642821,0.1043712705620711,0.1869015515661561,0.0682476531742911
trained_model_checkpoint_1540.pkl,21,Kids_II,ER,0.2693916573236521,0.0079503495605375,0.1433418873556625,0.1635391868969449
trained_model_checkpoint_1540.pkl,21,Adults,RT,0.1894923869874107,0.0644421289269024,0.1932471135143448,0.0592346480882763
trained_model_checkpoint_1540.pkl,21,Adults,zRT,0.179981302876191,0.0793091975148836,0.1870365635225005,0.0680449507288871
trained_model_checkpoint_1540.pkl,21,Adults,ER,0.1696028689967031,0.098537565895522,0.2347599106887423,0.0213175778542692
trained_model_checkpoint_1550.pkl,21,Kids_II,RT,0.1833435282432956,0.073767938716539,0.1921263307966221,0.0607517886921496
trained_model_checkpoint_1550.pkl,21,Kids_II,zRT,0.168455875682201,0.1008700784764154,0.1842307281611444,0.0723589166221901
trained_model_checkpoint_1550.pkl,21,Kids_II,ER,0.3937229700484536,7.22681523602248e-05,0.2499377423872662,0.0140527292901186
trained_model_checkpoint_1550.pkl,21,Adults,RT,0.1733070810724435,0.0912931342450701,0.1684395228901892,0.1009036435697611
trained_model_checkpoint_1550.pkl,21,Adults,zRT,0.168624412345021,0.1005246565717408,0.1684395228901892,0.1009036435697611
trained_model_checkpoint_1550.pkl,21,Adults,ER,0.1818394899489869,0.0762069595805671,0.1827283301666221,0.0747578729387918
trained_model_checkpoint_1560.pkl,21,Kids_II,RT,0.1833435282432956,0.073767938716539,0.1921263307966221,0.0607517886921496
trained_model_checkpoint_1560.pkl,21,Kids_II,zRT,0.168455875682201,0.1008700784764154,0.1842307281611444,0.0723589166221901
trained_model_checkpoint_1560.pkl,21,Kids_II,ER,0.3937229700484536,7.22681523602248e-05,0.2499377423872662,0.0140527292901186
trained_model_checkpoint_1560.pkl,21,Adults,RT,0.1733070810724435,0.0912931342450701,0.1684395228901892,0.1009036435697611
trained_model_checkpoint_1560.pkl,21,Adults,zRT,0.168624412345021,0.1005246565717408,0.1684395228901892,0.1009036435697611
trained_model_checkpoint_1560.pkl,21,Adults,ER,0.1818394899489869,0.0762069595805671,0.1827283301666221,0.0747578729387918
trained_model_checkpoint_1570.pkl,21,Kids_II,RT,0.1661117557568169,0.1057715148874173,0.1684583518111894,0.1008649968352427
trained_model_checkpoint_1570.pkl,21,Kids_II,zRT,0.1429258196938525,0.1647779163712777,0.149946445018751,0.1447904794775462
trained_model_checkpoint_1570.pkl,21,Kids_II,ER,0.3676714093613053,0.0002285246998828,0.1837011651490281,0.0731973187395501
trained_model_checkpoint_1570.pkl,21,Adults,RT,0.1293434865125487,0.2091215641508312,0.1314345382263126,0.2017907302827067
trained_model_checkpoint_1570.pkl,21,Adults,zRT,0.1193110979186805,0.2469321687970351,0.1203273941508495,0.2429005411327688
trained_model_checkpoint_1570.pkl,21,Adults,ER,0.2277269000233441,0.0256522168334438,0.1824248485974758,0.0752501319492289
