{"v_0_1_0_2": -13.0527792800049, "v_0_1_1_3": 7.57819250331827, "v_0_2_0_2": -21.851944023464558, "v_0_2_1_3": -13.86625564504922, "v_1_1_0_2": -28.856138099247286, "v_1_1_1_3": 18.905318915451208, "v_1_2_0_2": -4.714425971566506, "v_1_2_1_3": -25.448010045468155}