{"v_0_1_0_2": -13.789518809168518, "v_0_1_1_3": 15.253917290962429, "v_0_2_0_2": 2.2986249601525994, "v_0_2_1_3": -11.194676598390947, "v_1_1_0_2": 10.925075252355201, "v_1_1_1_3": -9.774347436631155, "v_1_2_0_2": -14.330214371817148, "v_1_2_1_3": 12.541943897073146}