{"v_0_1_0_2": 2.8450416061753003, "v_0_1_1_3": 0.7752151250413348, "v_0_2_0_2": -0.24325472464141562, "v_0_2_1_3": 7.625934643167756, "v_1_1_0_2": -6.572736488839988, "v_1_1_1_3": 4.75056953922109, "v_1_2_0_2": 6.696752332503312, "v_1_2_1_3": -8.741126229051503}