{"v_0_1_0_2": -0.6342803071847207, "v_0_1_1_3": 1.1444848921081965, "v_0_2_0_2": -0.7108263538521244, "v_0_2_1_3": -0.7244834279165797, "v_1_1_0_2": 0.01794364213529065, "v_1_1_1_3": -0.7204738810645743, "v_1_2_0_2": -0.8767534916501722, "v_1_2_1_3": 1.4500770978916517}