{"v_0_1_0_2": 9.905261659614595, "v_0_1_1_3": 9.736287001827058, "v_0_2_0_2": 9.610023910025085, "v_0_2_1_3": 6.6951766498896, "v_1_1_0_2": -1.6368688485249443, "v_1_1_1_3": 2.0946879869332324, "v_1_2_0_2": 9.774428346671254, "v_1_2_1_3": -5.247890622625036}