{"v_0_1_0_2": 9.20735407204523, "v_0_1_1_3": -7.799329336828128, "v_0_2_0_2": -9.632486057607519, "v_0_2_1_3": -2.1730903199694795, "v_1_1_0_2": -8.27185578920062, "v_1_1_1_3": -1.8524772753092815, "v_1_2_0_2": 1.6177457227984764, "v_1_2_1_3": 3.3230398165977295}