{"v_0_1_0_2": 30.438806457581865, "v_0_1_1_3": 7.943242739265036, "v_0_2_0_2": -28.99749764022043, "v_0_2_1_3": 25.784656199684868, "v_1_1_0_2": -8.13144796052919, "v_1_1_1_3": -37.218744393923664, "v_1_2_0_2": -46.69758131344047, "v_1_2_1_3": 39.04491183924157}