{"v_0_1_0_2": 0.010118868939562375, "v_0_1_1_3": 5.539820034094447, "v_0_2_0_2": -4.815462570895662, "v_0_2_1_3": -0.24183059643698623, "v_1_1_0_2": 5.93361199479104, "v_1_1_1_3": 4.491928479080066, "v_1_2_0_2": 0.08915090239855239, "v_1_2_1_3": 2.4394790887252924}