{"v_0_1_0_2": 10.064800010253297, "v_0_1_1_3": -22.78874612651643, "v_0_2_0_2": -15.065821322367189, "v_0_2_1_3": 20.605113047439332, "v_1_1_0_2": 28.296322844963456, "v_1_1_1_3": 12.4346637659178, "v_1_2_0_2": 26.679884845943196, "v_1_2_1_3": -24.904550978143085}