{"v_0_1_0_2": 8.164701566915124, "v_0_1_1_3": 4.631174207830229, "v_0_2_0_2": 8.572405393908303, "v_0_2_1_3": 20.128582340316065, "v_1_1_0_2": -4.759342751665944, "v_1_1_1_3": -5.391897549417974, "v_1_2_0_2": -19.7098973528596, "v_1_2_1_3": 17.17922764687004}