{"v_0_1_0_2": -24.665940799409118, "v_0_1_1_3": 6.286454669606928, "v_0_2_0_2": -17.792718008142234, "v_0_2_1_3": 1.884501777288321, "v_1_1_0_2": -14.24930716030302, "v_1_1_1_3": -22.20823184265666, "v_1_2_0_2": -16.392423898535654, "v_1_2_1_3": 21.791366106269777}