{"v_0_1_0_2": 6.8376114857778125, "v_0_1_1_3": 13.286144810564664, "v_0_2_0_2": 15.226052953682636, "v_0_2_1_3": 22.849181532129315, "v_1_1_0_2": -2.6807281007695636, "v_1_1_1_3": 5.848878295825388, "v_1_2_0_2": -10.747822322621714, "v_1_2_1_3": 9.646654942190457}