{"v_0_1_0_2": 5.727911499313159, "v_0_1_1_3": 20.00578513195544, "v_0_2_0_2": 2.3395165344243996, "v_0_2_1_3": -12.02148548088573, "v_1_1_0_2": 25.71862157705532, "v_1_1_1_3": -10.818490270002911, "v_1_2_0_2": -18.453100994242956, "v_1_2_1_3": 11.049268030745475}