{"v_0_1_0_2": -0.0498248587857729, "v_0_1_1_3": -1.7001921164572318, "v_0_2_0_2": -2.3855012028514353, "v_0_2_1_3": -2.992391721946052, "v_1_1_0_2": -1.7810989294474937, "v_1_1_1_3": -1.807155403972939, "v_1_2_0_2": -2.487203984445542, "v_1_2_1_3": 0.16265537665495466}