{"v_0_1_0_2": -5.0095620739952045, "v_0_1_1_3": 6.846111869400088, "v_0_2_0_2": 1.9305148137625032, "v_0_2_1_3": 6.210618716275726, "v_1_1_0_2": 0.48333114775344477, "v_1_1_1_3": 13.655460646055703, "v_1_2_0_2": 5.658700386308638, "v_1_2_1_3": -8.431035065493699}