{"v_0_1_0_2": -7.873895664064781, "v_0_1_1_3": -13.9227349962026, "v_0_2_0_2": -11.530481770043888, "v_0_2_1_3": -5.07219145896014, "v_1_1_0_2": -4.4831505517575625, "v_1_1_1_3": 6.661500881929232, "v_1_2_0_2": -12.761818428721533, "v_1_2_1_3": 12.128283225834886}