{"v_0_1_0_2": 7.436018483939234, "v_0_1_1_3": -2.0441154233621033, "v_0_2_0_2": -9.5340171145231, "v_0_2_1_3": 4.987481080942582, "v_1_1_0_2": 11.255264086513083, "v_1_1_1_3": -1.2499285223249101, "v_1_2_0_2": -4.795580843454676, "v_1_2_1_3": 7.89742811268059}