{"v_0_1_0_2": -97.12088617341813, "v_0_1_1_3": -53.516797550982616, "v_0_2_0_2": -92.33834798036844, "v_0_2_1_3": 86.95614339917803, "v_1_1_0_2": 9.571279540153132, "v_1_1_1_3": 1.3509073205644029, "v_1_2_0_2": -90.7632533820655, "v_1_2_1_3": -68.52002180207248}