{"v_0_1_0_2": -11.791150954550478, "v_0_1_1_3": 17.524984167633754, "v_0_2_0_2": -42.62209584766332, "v_0_2_1_3": 65.98577312251689, "v_1_1_0_2": 59.20940054953019, "v_1_1_1_3": 58.280931949495084, "v_1_2_0_2": -93.2545661769761, "v_1_2_1_3": 95.69360111563631}