{"v_0_1_0_2": 37.66731875053654, "v_0_1_1_3": 22.256745443242338, "v_0_2_0_2": 65.69705899096213, "v_0_2_1_3": 25.773302400080304, "v_1_1_0_2": -4.465275821653188, "v_1_1_1_3": -23.314991075388146, "v_1_2_0_2": -38.75064785773287, "v_1_2_1_3": -19.86872364482265}