{"v_0_1_0_2": 2.7336701111657193, "v_0_1_1_3": 2.4411539491366563, "v_0_2_0_2": -1.1305788240350512, "v_0_2_1_3": 2.722783862315078, "v_1_1_0_2": 1.6630742218882095, "v_1_1_1_3": 2.2627330111623407, "v_1_2_0_2": 0.1712482740333641, "v_1_2_1_3": 2.1635973533739987}