{"v_0_1_0_2": 0.08710069100981563, "v_0_1_1_3": 2.9645412799928312, "v_0_2_0_2": 1.2338424196003281, "v_0_2_1_3": -1.5148179893719957, "v_1_1_0_2": -0.21908639987992862, "v_1_1_1_3": 2.553162438423391, "v_1_2_0_2": -2.1749088401782672, "v_1_2_1_3": 2.829056078832699}