{"v_0_1_0_2": 3.7045531395857614, "v_0_1_1_3": 7.437567393436567, "v_0_2_0_2": 0.44162900083860046, "v_0_2_1_3": -4.526919599900369, "v_1_1_0_2": 6.503293957028627, "v_1_1_1_3": -4.6818646100815355, "v_1_2_0_2": 2.3877074320145506, "v_1_2_1_3": 2.847115968256232}