{"v_0_1_0_2": -4.621158750079835, "v_0_1_1_3": 0.20399474509709092, "v_0_2_0_2": -3.2852317932750066, "v_0_2_1_3": 4.2566141824804475, "v_1_1_0_2": 3.468731353111727, "v_1_1_1_3": 0.526628844571753, "v_1_2_0_2": 5.55403245278805, "v_1_2_1_3": 7.5617858522654195}