{"v_0_1_0_2": -10.023578603272377, "v_0_1_1_3": 3.03303420540883, "v_0_2_0_2": -21.87266296354818, "v_0_2_1_3": -9.846268737255448, "v_1_1_0_2": -15.60861280627174, "v_1_1_1_3": -7.620876077898182, "v_1_2_0_2": 9.545328788478336, "v_1_2_1_3": -23.173452274469053}