{"v_0_1_0_2": 1.5115857872559433, "v_0_1_1_3": 5.873840474730507, "v_0_2_0_2": -4.7691868742337835, "v_0_2_1_3": 0.21743724307135182, "v_1_1_0_2": -3.113902722922992, "v_1_1_1_3": -1.7633030428446705, "v_1_2_0_2": -1.4127891026797244, "v_1_2_1_3": -0.3405471555630455}