{"v_0_1_0_2": -0.026885901718655347, "v_0_1_1_3": -1.4879649448912966, "v_0_2_0_2": -1.7681302613347851, "v_0_2_1_3": -4.741257508024165, "v_1_1_0_2": 3.6835388786152805, "v_1_1_1_3": -4.979840695114973, "v_1_2_0_2": -2.3776000513121396, "v_1_2_1_3": -1.5325718057414304}