{"v_0_1_0_2": 0.6607529524445148, "v_0_1_1_3": -2.9936911787584006, "v_0_2_0_2": -1.7593151833617746, "v_0_2_1_3": 1.6746914302927616, "v_1_1_0_2": 0.021645144354812018, "v_1_1_1_3": 0.44249983752967204, "v_1_2_0_2": -3.4328124645589355, "v_1_2_1_3": 4.625991544261074}