{"v_0_1_0_2": 1.2116690956391682, "v_0_1_1_3": 0.40946412703015245, "v_0_2_0_2": -3.36098966450302, "v_0_2_1_3": 0.37196964148250444, "v_1_1_0_2": -1.0173747353472282, "v_1_1_1_3": -4.8467832762562155, "v_1_2_0_2": -3.2369124697438756, "v_1_2_1_3": -0.23014850624650895}