{"v_0_1_0_2": -4.895099867418632, "v_0_1_1_3": 0.9970926636327038, "v_0_2_0_2": 2.4391315191431184, "v_0_2_1_3": 1.0251545803799047, "v_1_1_0_2": 0.24852471499963258, "v_1_1_1_3": 2.262101542581247, "v_1_2_0_2": -0.34970363965082285, "v_1_2_1_3": 5.5097553969048825}