{"v_0_1_0_2": -4.134350957331031, "v_0_1_1_3": -0.888394196037404, "v_0_2_0_2": 4.264360251479918, "v_0_2_1_3": 0.947307530986258, "v_1_1_0_2": -0.22950050063228034, "v_1_1_1_3": 1.937612626340778, "v_1_2_0_2": -4.1290494895071, "v_1_2_1_3": 0.7299741557149222}