{"v_0_1_0_2": 3.0372071173710413, "v_0_1_1_3": -10.169130624275564, "v_0_2_0_2": 13.061992313255386, "v_0_2_1_3": 2.5964013709735667, "v_1_1_0_2": -11.941182752588476, "v_1_1_1_3": -1.5515894725642987, "v_1_2_0_2": 20.1074538989511, "v_1_2_1_3": 7.242366578522467}