{"v_0_1_0_2": 11.336361584408433, "v_0_1_1_3": -23.319117320780308, "v_0_2_0_2": -24.598890318598947, "v_0_2_1_3": 15.52294633318569, "v_1_1_0_2": -10.030934069956814, "v_1_1_1_3": -15.068548902250662, "v_1_2_0_2": 0.4846686879955797, "v_1_2_1_3": 21.847290727096023}