{"v_0_1_0_2": 3.5416230200306753, "v_0_1_1_3": 4.2015452872643255, "v_0_2_0_2": 1.9453557249010887, "v_0_2_1_3": 1.3409856947690448, "v_1_1_0_2": -2.542525503758288, "v_1_1_1_3": -4.015092179683454, "v_1_2_0_2": 4.5432237131287305, "v_1_2_1_3": 0.4267324940202881}