{"v_0_1_0_2": -2.7773170571639563, "v_0_1_1_3": -0.01930245956342258, "v_0_2_0_2": -1.632520468698273, "v_0_2_1_3": 3.4930684724052323, "v_1_1_0_2": 5.013544535265513, "v_1_1_1_3": -3.6914901292707905, "v_1_2_0_2": -4.157061913301099, "v_1_2_1_3": -3.46238883335133}