{"v_0_1_0_2": 35.682279746097436, "v_0_1_1_3": 20.2488162697845, "v_0_2_0_2": -13.262224974806696, "v_0_2_1_3": 18.623654126473703, "v_1_1_0_2": -27.66135741632182, "v_1_1_1_3": -2.8297286529545884, "v_1_2_0_2": 43.554852380655554, "v_1_2_1_3": -3.3339011009755657}