{"v_0_1_0_2": -0.47908260285422966, "v_0_1_1_3": 0.38706750545476254, "v_0_2_0_2": -1.294131243160736, "v_0_2_1_3": -1.487059757552062, "v_1_1_0_2": 1.0207851317449994, "v_1_1_1_3": -1.2726550022132312, "v_1_2_0_2": -0.6459543926301792, "v_1_2_1_3": -0.7158595548008113}