{"v_0_1_0_2": 22.931454232996906, "v_0_1_1_3": 4.21624932007623, "v_0_2_0_2": 6.620224410350017, "v_0_2_1_3": 15.790346569784273, "v_1_1_0_2": 12.846645939586802, "v_1_1_1_3": -6.598046961035864, "v_1_2_0_2": 12.933021804522173, "v_1_2_1_3": 4.34477412778849}