{"v_0_1_0_2": 0.2188113706300454, "v_0_1_1_3": -0.27400379791982044, "v_0_2_0_2": 21.412729740307466, "v_0_2_1_3": -12.071706736396692, "v_1_1_0_2": -23.108842331025073, "v_1_1_1_3": 17.57639642091771, "v_1_2_0_2": 9.93159727975781, "v_1_2_1_3": 19.640329615119555}