{"v_0_1_0_2": -12.825778265837418, "v_0_1_1_3": 17.431108933113645, "v_0_2_0_2": -17.392695707335754, "v_0_2_1_3": -17.94742126592158, "v_1_1_0_2": 22.643636034232927, "v_1_1_1_3": -9.706781947719474, "v_1_2_0_2": -1.8776479700716786, "v_1_2_1_3": -3.6583924692002743}