{"v_0_1_0_2": 14.215139583529208, "v_0_1_1_3": 0.7978374978577705, "v_0_2_0_2": 3.698260999731538, "v_0_2_1_3": -16.653253522377298, "v_1_1_0_2": 3.1407286837117283, "v_1_1_1_3": 19.015814637978224, "v_1_2_0_2": 1.9860361175691423, "v_1_2_1_3": 17.90706009368951}