{"v_0_1_0_2": -12.027902675967779, "v_0_1_1_3": -15.348048758150995, "v_0_2_0_2": -4.925254164383514, "v_0_2_1_3": 2.8197463977725903, "v_1_1_0_2": 9.914101271575483, "v_1_1_1_3": 6.392395450469074, "v_1_2_0_2": -13.783123759439713, "v_1_2_1_3": 1.9546422592496242}