{"v_0_1_0_2": -1.6342459543060757, "v_0_1_1_3": -0.3176759972555545, "v_0_2_0_2": -0.2913618619564424, "v_0_2_1_3": -1.9953129027701728, "v_1_1_0_2": -0.01596445512979905, "v_1_1_1_3": -1.0558920444638795, "v_1_2_0_2": -0.2032184930147871, "v_1_2_1_3": 0.700857996268494}