{"v_0_1_0_2": 1.885489371783529, "v_0_1_1_3": -0.31228762322244785, "v_0_2_0_2": -1.6548974409853998, "v_0_2_1_3": -1.9016768062118516, "v_1_1_0_2": -0.46247640164862425, "v_1_1_1_3": -0.15710756808707096, "v_1_2_0_2": -1.7633643917410717, "v_1_2_1_3": 1.0450701681247856}