{"v_0_1_0_2": -6.7724810562876545, "v_0_1_1_3": 3.127609393521478, "v_0_2_0_2": 0.7076056980496372, "v_0_2_1_3": -5.164537918385022, "v_1_1_0_2": -5.9588756351271845, "v_1_1_1_3": 0.8061544552205052, "v_1_2_0_2": 5.0577109397851, "v_1_2_1_3": -2.404746808470894}