{"v_0_1_0_2": -2.7315428031925357, "v_0_1_1_3": 2.2158073577568094, "v_0_2_0_2": 6.755046027738598, "v_0_2_1_3": -3.4538411451984143, "v_1_1_0_2": 5.135402818149354, "v_1_1_1_3": 0.19439981259366287, "v_1_2_0_2": 6.684352641407026, "v_1_2_1_3": 7.634211253373355}