{"v_0_1_0_2": -2.23146188859876, "v_0_1_1_3": 2.1293514620625626, "v_0_2_0_2": 2.571545223260906, "v_0_2_1_3": -2.364784520627129, "v_1_1_0_2": -1.6070578082974154, "v_1_1_1_3": 2.833857027693111, "v_1_2_0_2": 2.146244567456347, "v_1_2_1_3": -1.4033539968684887}