{"v_0_1_0_2": 5.249242445103285, "v_0_1_1_3": -3.803840736455083, "v_0_2_0_2": -3.841744384958659, "v_0_2_1_3": -3.1820864581918906, "v_1_1_0_2": -2.1019032868151957, "v_1_1_1_3": -3.437937180817321, "v_1_2_0_2": -8.51858986449088, "v_1_2_1_3": -5.612290291503089}