{"v_0_1_0_2": 1.2428934793628308, "v_0_1_1_3": 6.654525788690686, "v_0_2_0_2": -8.703814061095684, "v_0_2_1_3": -3.6135373747537454, "v_1_1_0_2": -0.6843651181799579, "v_1_1_1_3": -5.88739075134888, "v_1_2_0_2": -3.5776243742137943, "v_1_2_1_3": 6.565838295393405}