{"v_0_1_0_2": 6.261803941585686, "v_0_1_1_3": -23.05757706853136, "v_0_2_0_2": 14.008997745503091, "v_0_2_1_3": -12.805648159792792, "v_1_1_0_2": 12.903779635396452, "v_1_1_1_3": 3.374476506452191, "v_1_2_0_2": 13.937647227842568, "v_1_2_1_3": 25.223448151379934}