{"v_0_1_0_2": -19.135192820592756, "v_0_1_1_3": 8.805429478193918, "v_0_2_0_2": -7.840336576981407, "v_0_2_1_3": -8.84010570974107, "v_1_1_0_2": -14.02214401441333, "v_1_1_1_3": -9.234567530611098, "v_1_2_0_2": -4.121675535010825, "v_1_2_1_3": 11.808688378064048}