{"v_0_1_0_2": -7.488613832050831, "v_0_1_1_3": 1.4899648567673296, "v_0_2_0_2": 11.750998170565772, "v_0_2_1_3": 6.6551660977613345, "v_1_1_0_2": 16.871757711411718, "v_1_1_1_3": 0.4211546235875794, "v_1_2_0_2": -10.299644621687127, "v_1_2_1_3": 10.325667996699263}