{"v_0_1_0_2": 56.510622597532674, "v_0_1_1_3": 13.002308855832148, "v_0_2_0_2": 24.736199517780065, "v_0_2_1_3": -22.709707274169688, "v_1_1_0_2": -16.828679331733703, "v_1_1_1_3": -67.03956870525808, "v_1_2_0_2": -57.50080017284106, "v_1_2_1_3": -20.882855382726238}