{"v_0_1_0_2": -5.415957694877918, "v_0_1_1_3": 28.841077633502486, "v_0_2_0_2": 57.55889110308001, "v_0_2_1_3": -20.266154770898403, "v_1_1_0_2": 5.648837367120184, "v_1_1_1_3": 55.79793166571992, "v_1_2_0_2": -43.48001380816057, "v_1_2_1_3": -15.010026046201553}