{"v_0_1_0_2": -4.08355719976222, "v_0_1_1_3": -73.49411338954538, "v_0_2_0_2": 45.39156692929775, "v_0_2_1_3": 18.021153143286952, "v_1_1_0_2": 41.2920568696421, "v_1_1_1_3": 60.6435665039878, "v_1_2_0_2": -12.872000477509893, "v_1_2_1_3": -17.479207639687854}