{"v_0_1_0_2": -32.245152651940714, "v_0_1_1_3": -34.94028408000055, "v_0_2_0_2": 68.04497362960797, "v_0_2_1_3": 28.629190193848775, "v_1_1_0_2": -57.97275395948276, "v_1_1_1_3": 25.425122555420458, "v_1_2_0_2": 65.78014967209816, "v_1_2_1_3": -2.351173786920838}